lat, lon, alpha_anm_mean, alpha_se_mean, alpha_tstat,alpha_sig, alpha_sig_val,alpha_npts
   67.000000,  -161.000000,        -0.0841,         0.0344,        -2.4448,        -1.0000,        -0.0841,     1
   67.000000,  -157.000000,         0.0370,         0.0248,         1.4893,         0.0000,         0.0000,     2
   69.000000,  -157.000000,        -0.0464,         0.0197,        -2.3553,        -1.0000,        -0.0464,     1
   67.000000,  -155.000000,         0.0454,         0.0194,         2.3435,         1.0000,         0.0454,     4
   63.000000,  -153.000000,        -0.2950,         0.0480,        -6.1458,        -1.0000,        -0.2950,     1
   67.000000,  -153.000000,         0.0225,         0.0130,         1.7278,         0.0000,         0.0000,     2
   63.000000,  -151.000000,         0.0400,         0.0367,         1.0899,         0.0000,         0.0000,     1
   65.000000,  -151.000000,         0.0200,         0.0215,         0.9302,         0.0000,         0.0000,     1
   67.000000,  -151.000000,         0.0460,         0.0314,         1.4650,         0.0000,         0.0000,     1
   67.000000,  -149.000000,         0.0210,         0.0355,         0.5915,         0.0000,         0.0000,     1
   67.000000,  -147.000000,         0.0454,         0.0359,         1.2646,         0.0000,         0.0000,     1
   69.000000,  -147.000000,         0.1749,         0.0268,         6.5261,         1.0000,         0.1749,     1
   63.000000,  -145.000000,        -0.0190,         0.0265,        -0.7180,         0.0000,         0.0000,     2
   65.000000,  -145.000000,         0.0370,         0.0393,         0.9415,         0.0000,         0.0000,     1
   69.000000,  -145.000000,         0.1670,         0.0450,         3.7111,         1.0000,         0.1670,     1
   67.000000,  -143.000000,         0.0140,         0.0325,         0.4303,         0.0000,         0.0000,     2
   65.000000,  -139.000000,        -0.1072,         0.0586,        -1.8294,         0.0000,         0.0000,     1
   69.000000,  -139.000000,        -0.0560,         0.0438,        -1.2785,         0.0000,         0.0000,     1
   67.000000,  -133.000000,        -0.0666,         0.0283,        -2.3534,        -1.0000,        -0.0666,     1
   53.000000,  -131.000000,         0.0000,         0.0333,         0.0000,         0.0000,         0.0000,     1
   63.000000,  -129.000000,        -0.0759,         0.0450,        -1.6867,         0.0000,         0.0000,     1
   51.000000,  -127.000000,        -0.1785,         0.0329,        -5.4255,        -1.0000,        -0.1785,     1
   65.000000,  -127.000000,         0.0450,         0.0185,         2.4324,         1.0000,         0.0450,     1
   43.000000,  -123.000000,        -0.0890,         0.0257,        -3.4630,        -1.0000,        -0.0890,     1
   45.000000,  -123.000000,        -0.0750,         0.0171,        -4.3858,        -1.0000,        -0.0750,     2
   47.000000,  -123.000000,        -0.0390,         0.0457,        -0.8534,         0.0000,         0.0000,     1
   49.000000,  -123.000000,        -0.0810,         0.0362,        -2.2364,        -1.0000,        -0.0810,     2
   59.000000,  -123.000000,        -0.1250,         0.0446,        -2.8027,        -1.0000,        -0.1250,     1
   63.000000,  -123.000000,        -0.0805,         0.0442,        -1.8213,         0.0000,         0.0000,     1
   45.000000,  -121.000000,         0.0410,         0.0102,         4.0196,         1.0000,         0.0410,     1
   51.000000,  -121.000000,        -0.0487,         0.0309,        -1.5754,         0.0000,         0.0000,     3
   57.000000,  -121.000000,         0.0260,         0.0182,         1.4294,         0.0000,         0.0000,     2
   37.000000,  -119.000000,        -0.0296,         0.0228,        -1.2978,         0.0000,         0.0000,     6
   49.000000,  -119.000000,         0.0796,         0.0461,         1.7267,         0.0000,         0.0000,     1
   55.000000,  -119.000000,         0.0578,         0.0299,         1.9331,         0.0000,         0.0000,     1
   57.000000,  -119.000000,         0.0460,         0.0208,         2.2115,         1.0000,         0.0460,     1
   33.000000,  -117.000000,         0.2580,         0.0703,         3.6700,         1.0000,         0.2580,     1
   51.000000,  -117.000000,        -0.0288,         0.0222,        -1.2968,         0.0000,         0.0000,     4
   53.000000,  -117.000000,         0.2150,         0.0336,         6.3988,         1.0000,         0.2150,     1
   39.000000,  -115.000000,         0.0575,         0.0504,         1.1415,         0.0000,         0.0000,     2
   41.000000,  -115.000000,         0.0443,         0.0504,         0.8797,         0.0000,         0.0000,     2
   51.000000,  -115.000000,         0.0800,         0.0393,         2.0356,         1.0000,         0.0800,     1
   53.000000,  -115.000000,        -0.2600,         0.0333,        -7.8078,        -1.0000,        -0.2600,     1
   59.000000,  -115.000000,         0.0820,         0.0295,         2.7797,         1.0000,         0.0820,     1
   31.000000,  -113.000000,         0.0722,         0.0504,         1.4321,         0.0000,         0.0000,     2
   37.000000,  -113.000000,         0.1064,         0.0268,         3.9701,         1.0000,         0.1064,     1
   45.000000,  -113.000000,        -0.0440,         0.0504,        -0.8727,         0.0000,         0.0000,     2
   47.000000,  -113.000000,        -0.1280,         0.0257,        -4.9805,        -1.0000,        -0.1280,     1
   55.000000,  -113.000000,        -0.0660,         0.0150,        -4.4089,        -1.0000,        -0.0660,     2
   57.000000,  -113.000000,         0.0320,         0.0174,         1.8391,         0.0000,         0.0000,     1
   35.000000,  -111.000000,         0.0320,         0.0212,         1.5094,         0.0000,         0.0000,     1
   37.000000,  -111.000000,         0.0188,         0.0250,         0.7532,         0.0000,         0.0000,     7
   39.000000,  -111.000000,        -0.0090,         0.0261,        -0.3448,         0.0000,         0.0000,     1
   43.000000,  -111.000000,         0.0040,         0.0089,         0.4485,         0.0000,         0.0000,     3
   45.000000,  -111.000000,        -0.0179,         0.0074,        -2.4342,        -1.0000,        -0.0179,     6
   47.000000,  -111.000000,         0.0000,         0.0159,         0.0000,         0.0000,         0.0000,     1
   63.000000,  -111.000000,         0.1394,         0.0295,         4.7254,         1.0000,         0.1394,     1
   65.000000,  -111.000000,         0.0630,         0.0235,         2.6789,         1.0000,         0.0630,     2
   37.000000,  -109.000000,         0.1254,         0.0345,         3.6367,         1.0000,         0.1254,     3
   37.000000,  -107.000000,        -0.0060,         0.0144,        -0.4173,         0.0000,         0.0000,     2
   41.000000,  -107.000000,         0.0670,         0.0329,         2.0365,         1.0000,         0.0670,     1
   45.000000,  -107.000000,        -0.0130,         0.0227,        -0.5727,         0.0000,         0.0000,     1
   51.000000,  -107.000000,        -0.0070,         0.0144,        -0.4861,         0.0000,         0.0000,     1
   37.000000,  -105.000000,        -0.0030,         0.0223,        -0.1345,         0.0000,         0.0000,     1
   39.000000,  -105.000000,         0.0770,         0.0276,         2.7899,         1.0000,         0.0770,     1
   41.000000,  -105.000000,        -0.0260,         0.0159,        -1.6352,         0.0000,         0.0000,     1
   55.000000,  -105.000000,        -0.0410,         0.0011,       -37.2727,        -1.0000,        -0.0410,     1
   41.000000,  -103.000000,        -0.0215,         0.0582,        -0.3694,         0.0000,         0.0000,     1
   49.000000,  -101.000000,        -0.0780,         0.0223,        -3.4978,        -1.0000,        -0.0780,     1
   57.000000,  -101.000000,        -0.0555,         0.0299,        -1.8562,         0.0000,         0.0000,     1
   61.000000,  -101.000000,        -0.0684,         0.0306,        -2.2353,        -1.0000,        -0.0684,     1
   63.000000,  -101.000000,         0.1370,         0.0359,         3.8162,         1.0000,         0.1370,     1
   39.000000,   -99.000000,        -0.1433,         0.0367,        -3.9046,        -1.0000,        -0.1433,     1
   47.000000,   -99.000000,        -0.0540,         0.0166,        -3.2569,        -1.0000,        -0.0540,     2
   49.000000,   -99.000000,        -0.0505,         0.0175,        -2.8841,        -1.0000,        -0.0505,     2
   51.000000,   -99.000000,        -0.1240,         0.0321,        -3.8629,        -1.0000,        -0.1240,     1
   53.000000,   -99.000000,         0.0145,         0.0121,         1.1983,         0.0000,         0.0000,     1
   45.000000,   -97.000000,         0.0015,         0.0087,         0.1723,         0.0000,         0.0000,     2
   47.000000,   -97.000000,        -0.0660,         0.0102,        -6.4787,        -1.0000,        -0.0660,     2
   43.000000,   -95.000000,        -0.1260,         0.0151,        -8.3444,        -1.0000,        -0.1260,     1
   47.000000,   -95.000000,        -0.0485,         0.0063,        -7.7047,        -1.0000,        -0.0485,    12
   51.000000,   -95.000000,         0.0000,         0.0147,         0.0000,         0.0000,         0.0000,     1
   73.000000,   -95.000000,         0.0562,         0.0122,         4.6205,         1.0000,         0.0562,     2
   43.000000,   -93.000000,        -0.2098,         0.0240,        -8.7394,        -1.0000,        -0.2098,     5
   45.000000,   -93.000000,        -0.0155,         0.0057,        -2.7176,        -1.0000,        -0.0155,    11
   47.000000,   -93.000000,        -0.0152,         0.0064,        -2.3668,        -1.0000,        -0.0152,     7
   49.000000,   -93.000000,        -0.0163,         0.0166,        -0.9811,         0.0000,         0.0000,     2
   37.000000,   -91.000000,        -0.0440,         0.0272,        -1.6176,         0.0000,         0.0000,     1
   43.000000,   -91.000000,        -0.1917,         0.0336,        -5.7054,        -1.0000,        -0.1917,     1
   45.000000,   -91.000000,        -0.0361,         0.0123,        -2.9245,        -1.0000,        -0.0361,     3
   49.000000,   -91.000000,        -0.0141,         0.0144,        -0.9784,         0.0000,         0.0000,     3
   51.000000,   -91.000000,        -0.1062,         0.0355,        -2.9915,        -1.0000,        -0.1062,     1
   37.000000,   -89.000000,        -0.0745,         0.0193,        -3.8601,        -1.0000,        -0.0745,     1
   41.000000,   -89.000000,        -0.0160,         0.0223,        -0.7175,         0.0000,         0.0000,     1
   43.000000,   -89.000000,        -0.0025,         0.0053,        -0.4782,         0.0000,         0.0000,     7
   47.000000,   -89.000000,        -0.0914,         0.0114,        -8.0086,        -1.0000,        -0.0914,     2
   49.000000,   -89.000000,         0.0134,         0.0120,         1.1174,         0.0000,         0.0000,     3
   31.000000,   -87.000000,        -0.0040,         0.0117,        -0.3419,         0.0000,         0.0000,     1
   41.000000,   -87.000000,        -0.0321,         0.0098,        -3.2856,        -1.0000,        -0.0321,     3
   45.000000,   -87.000000,         0.0373,         0.0093,         4.0071,         1.0000,         0.0373,     3
   47.000000,   -87.000000,        -0.0515,         0.0134,        -3.8342,        -1.0000,        -0.0515,     2
   31.000000,   -85.000000,        -0.0070,         0.0140,        -0.5000,         0.0000,         0.0000,     1
   37.000000,   -85.000000,        -0.0770,         0.0431,        -1.7865,         0.0000,         0.0000,     1
   41.000000,   -85.000000,         0.0115,         0.0107,         1.0771,         0.0000,         0.0000,     2
   43.000000,   -85.000000,         0.0389,         0.0112,         3.4714,         1.0000,         0.0389,     2
   45.000000,   -85.000000,         0.0667,         0.0160,         4.1671,         1.0000,         0.0667,     3
   47.000000,   -85.000000,         0.0001,         0.0095,         0.0084,         0.0000,         0.0000,     5
   49.000000,   -85.000000,        -0.0060,         0.0151,        -0.3974,         0.0000,         0.0000,     1
   53.000000,   -85.000000,         0.0450,         0.0435,         1.0345,         0.0000,         0.0000,     1
   55.000000,   -85.000000,        -0.0340,         0.0261,        -1.3027,         0.0000,         0.0000,     1
   31.000000,   -83.000000,         0.0403,         0.0076,         5.3357,         1.0000,         0.0403,     3
   41.000000,   -83.000000,         0.0163,         0.0078,         2.0840,         1.0000,         0.0163,     3
   43.000000,   -83.000000,         0.0411,         0.0234,         1.7564,         0.0000,         0.0000,     1
   27.000000,   -81.000000,         0.0517,         0.0285,         1.8153,         0.0000,         0.0000,     3
   29.000000,   -81.000000,        -0.0802,         0.0094,        -8.5319,        -1.0000,        -0.0802,     1
   41.000000,   -81.000000,        -0.0409,         0.0158,        -2.5866,        -1.0000,        -0.0409,     2
   43.000000,   -81.000000,        -0.0520,         0.0157,        -3.3075,        -1.0000,        -0.0520,     3
   45.000000,   -81.000000,        -0.0408,         0.0130,        -3.1446,        -1.0000,        -0.0408,     4
   47.000000,   -81.000000,         0.0414,         0.0099,         4.1694,         1.0000,         0.0414,     5
   49.000000,   -81.000000,         0.0245,         0.0138,         1.7793,         0.0000,         0.0000,     2
   33.000000,   -79.000000,        -0.0460,         0.0336,        -1.3690,         0.0000,         0.0000,     1
   39.000000,   -79.000000,         0.0030,         0.0091,         0.3297,         0.0000,         0.0000,     1
   43.000000,   -79.000000,        -0.0449,         0.0156,        -2.8806,        -1.0000,        -0.0449,     4
   45.000000,   -79.000000,        -0.0209,         0.0092,        -2.2665,        -1.0000,        -0.0209,     7
   47.000000,   -79.000000,        -0.0065,         0.0122,        -0.5324,         0.0000,         0.0000,     4
   49.000000,   -79.000000,        -0.0979,         0.0135,        -7.2766,        -1.0000,        -0.0979,     2
   37.000000,   -77.000000,         0.0200,         0.0076,         2.6316,         1.0000,         0.0200,     1
   41.000000,   -77.000000,        -0.0320,         0.0363,        -0.8815,         0.0000,         0.0000,     1
   43.000000,   -77.000000,        -0.0330,         0.0253,        -1.3043,         0.0000,         0.0000,     1
   45.000000,   -77.000000,        -0.0084,         0.0084,        -0.9993,         0.0000,         0.0000,     8
   53.000000,   -77.000000,         0.0450,         0.0355,         1.2676,         0.0000,         0.0000,     1
   55.000000,   -77.000000,        -0.0077,         0.0250,        -0.3070,         0.0000,         0.0000,     3
   57.000000,   -77.000000,        -0.0210,         0.0076,        -2.7632,        -1.0000,        -0.0210,     1
   41.000000,   -75.000000,        -0.0138,         0.0115,        -1.1958,         0.0000,         0.0000,     6
   43.000000,   -75.000000,        -0.0043,         0.0185,        -0.2293,         0.0000,         0.0000,     2
   45.000000,   -75.000000,        -0.0373,         0.0130,        -2.8702,        -1.0000,        -0.0373,     4
   47.000000,   -75.000000,        -0.0430,         0.0095,        -4.5169,        -1.0000,        -0.0430,     2
   49.000000,   -75.000000,         0.0030,         0.0227,         0.1322,         0.0000,         0.0000,     1
   57.000000,   -75.000000,         0.0403,         0.0152,         2.6451,         1.0000,         0.0403,     3
   59.000000,   -75.000000,        -0.1478,      2499.7500,        -0.0001,         0.0000,         0.0000,     4
   41.000000,   -73.000000,         0.0225,         0.0269,         0.8355,         0.0000,         0.0000,     2
   43.000000,   -73.000000,        -0.0152,         0.0166,        -0.9156,         0.0000,         0.0000,     4
   45.000000,   -73.000000,         0.0148,         0.0069,         2.1435,         1.0000,         0.0148,     9
   47.000000,   -73.000000,        -0.0287,         0.0101,        -2.8317,        -1.0000,        -0.0287,     5
   49.000000,   -73.000000,         0.0988,         0.0147,         6.7211,         1.0000,         0.0988,     1
   59.000000,   -73.000000,        -0.3096,         0.0189,       -16.3810,        -1.0000,        -0.3096,     1
   41.000000,   -71.000000,         0.0240,         0.0148,         1.6243,         0.0000,         0.0000,     4
   43.000000,   -71.000000,         0.0230,         0.0208,         1.1058,         0.0000,         0.0000,     1
   45.000000,   -71.000000,         0.0086,         0.0073,         1.1707,         0.0000,         0.0000,     8
   47.000000,   -71.000000,         0.0406,         0.0066,         6.1301,         1.0000,         0.0406,    10
   49.000000,   -71.000000,        -0.1254,         0.0227,        -5.5242,        -1.0000,        -0.1254,     1
   55.000000,   -71.000000,        -0.1610,         0.0556,        -2.8957,        -1.0000,        -0.1610,     1
   41.000000,   -69.000000,        -0.0050,         0.0204,        -0.2451,         0.0000,         0.0000,     1
   43.000000,   -69.000000,         0.0265,         0.0173,         1.5287,         0.0000,         0.0000,     2
   45.000000,   -69.000000,        -0.0060,         0.0115,        -0.5225,         0.0000,         0.0000,     3
   47.000000,   -69.000000,        -0.0378,         0.0091,        -4.1363,        -1.0000,        -0.0378,     4
   55.000000,   -69.000000,        -0.0569,         0.0196,        -2.9010,        -1.0000,        -0.0569,     2
   61.000000,   -69.000000,        -0.2018,         0.0191,       -10.5381,        -1.0000,        -0.2018,     2
   71.000000,   -69.000000,        -0.2570,         0.0442,        -5.8145,        -1.0000,        -0.2570,     1
   45.000000,   -67.000000,        -0.0170,         0.0234,        -0.7251,         0.0000,         0.0000,     2
   49.000000,   -67.000000,         0.0060,         0.0155,         0.3871,         0.0000,         0.0000,     1
   51.000000,   -67.000000,         0.0067,         0.0145,         0.4634,         0.0000,         0.0000,     2
   53.000000,   -67.000000,        -0.0120,         0.0197,        -0.6091,         0.0000,         0.0000,     1
   55.000000,   -67.000000,        -0.1042,         0.0291,        -3.5850,        -1.0000,        -0.1042,     3
   67.000000,   -67.000000,         0.0940,         0.0367,         2.5613,         1.0000,         0.0940,     1
   45.000000,   -65.000000,        -0.0440,         0.0197,        -2.2335,        -1.0000,        -0.0440,     1
   47.000000,   -65.000000,        -0.0720,         0.0268,        -2.6866,        -1.0000,        -0.0720,     1
   49.000000,   -65.000000,         0.0189,         0.0112,         1.6909,         0.0000,         0.0000,     4
   57.000000,   -65.000000,        -0.1580,         0.0103,       -15.3024,        -1.0000,        -0.1580,     3
   45.000000,   -63.000000,        -0.0380,         0.0242,        -1.5702,         0.0000,         0.0000,     1
   47.000000,   -63.000000,        -0.0025,         0.0180,        -0.1386,         0.0000,         0.0000,     2
   53.000000,   -63.000000,         0.0149,         0.0072,         2.0694,         1.0000,         0.0149,     1
   55.000000,   -63.000000,        -0.0027,         0.0124,        -0.2154,         0.0000,         0.0000,     3
   57.000000,   -63.000000,        -0.0712,         0.0199,        -3.5875,        -1.0000,        -0.0712,     2
   59.000000,   -63.000000,        -0.0070,         0.0219,        -0.3196,         0.0000,         0.0000,     1
   47.000000,   -61.000000,        -0.0180,         0.0227,        -0.7930,         0.0000,         0.0000,     1
   53.000000,   -61.000000,        -0.0142,         0.0295,        -0.4814,         0.0000,         0.0000,     1
   55.000000,   -61.000000,        -0.2183,         0.0185,       -11.8000,        -1.0000,        -0.2183,     1
   57.000000,   -61.000000,        -0.0800,         0.0352,        -2.2727,        -1.0000,        -0.0800,     1
   49.000000,   -59.000000,         0.0400,         0.0116,         3.4603,         1.0000,         0.0400,     2
   53.000000,   -59.000000,        -0.0010,         0.0170,        -0.0588,         0.0000,         0.0000,     3
   49.000000,   -57.000000,         0.0000,         0.0155,         0.0000,         0.0000,         0.0000,     1
   51.000000,   -57.000000,        -0.0070,         0.0117,        -0.5983,         0.0000,         0.0000,     1
   53.000000,   -57.000000,         0.0532,         0.0198,         2.6871,         1.0000,         0.0532,     2
   49.000000,   -55.000000,         0.0190,         0.0111,         1.7095,         0.0000,         0.0000,     2
   47.000000,   -53.000000,        -0.0083,         0.0149,        -0.5587,         0.0000,         0.0000,     3
   59.000000,   -45.000000,        -0.1239,         0.0369,        -3.3549,        -1.0000,        -0.1239,     2
   61.000000,   -45.000000,         0.1440,         0.0168,         8.5714,         1.0000,         0.1440,     1
   65.000000,   -37.000000,        -0.0200,         0.0112,        -1.7857,         0.0000,         0.0000,     1
   71.000000,   -27.000000,         0.0030,         0.0128,         0.2344,         0.0000,         0.0000,     1
   71.000000,   -25.000000,        -0.0014,         0.0364,        -0.0385,         0.0000,         0.0000,     2
   71.000000,   -23.000000,         0.0031,         0.0369,         0.0841,         0.0000,         0.0000,     2
   65.000000,   -21.000000,        -0.0273,         0.0372,        -0.7349,         0.0000,         0.0000,     4
   65.000000,   -19.000000,        -0.0411,         0.0359,        -1.1467,         0.0000,         0.0000,     2
   15.000000,   -17.000000,         0.0630,         0.0217,         2.9032,         1.0000,         0.0630,     1
   21.000000,   -17.000000,         0.0800,         0.0000,         0.0000,         0.0000,         0.0000,     1
   29.000000,   -11.000000,        -0.0890,         0.0189,        -4.7090,        -1.0000,        -0.0890,     1
   53.000000,   -11.000000,         0.0256,         0.0713,         0.3590,         0.0000,         0.0000,     1
   53.000000,    -9.000000,         0.0014,         0.0332,         0.0430,         0.0000,         0.0000,     4
   43.000000,    -7.000000,         0.0492,         0.0266,         1.8520,         0.0000,         0.0000,     6
   53.000000,    -7.000000,        -0.0066,         0.0279,        -0.2367,         0.0000,         0.0000,     7
   55.000000,    -7.000000,         0.0144,         0.0303,         0.4730,         0.0000,         0.0000,     6
   59.000000,    -7.000000,        -0.0316,         0.0495,        -0.6388,         0.0000,         0.0000,     2
   63.000000,    -7.000000,        -0.0690,         0.0349,        -1.9794,         0.0000,         0.0000,     5
   43.000000,    -5.000000,        -0.0011,         0.0378,        -0.0291,         0.0000,         0.0000,     3
   45.000000,    -5.000000,         0.0229,         0.0406,         0.5642,         0.0000,         0.0000,     2
   51.000000,    -5.000000,        -0.0107,         0.0397,        -0.2685,         0.0000,         0.0000,     3
   53.000000,    -5.000000,         0.0120,         0.0417,         0.2893,         0.0000,         0.0000,     2
   55.000000,    -5.000000,         0.0054,         0.0383,         0.1411,         0.0000,         0.0000,     4
   57.000000,    -5.000000,         0.0259,         0.0264,         0.9818,         0.0000,         0.0000,     4
   59.000000,    -5.000000,         0.0017,         0.0441,         0.0385,         0.0000,         0.0000,     2
   23.000000,    -3.000000,         0.1960,         0.0278,         7.0504,         1.0000,         0.1960,     1
   31.000000,    -3.000000,         0.0630,         0.0745,         0.8456,         0.0000,         0.0000,     1
   37.000000,    -3.000000,         0.1366,         0.0412,         3.3156,         1.0000,         0.1366,     2
   43.000000,    -3.000000,         0.0423,         0.0359,         1.1786,         0.0000,         0.0000,     4
   47.000000,    -3.000000,        -0.0076,         0.0544,        -0.1398,         0.0000,         0.0000,     2
   49.000000,    -3.000000,        -0.0064,         0.0575,        -0.1104,         0.0000,         0.0000,     2
   51.000000,    -3.000000,         0.0193,         0.0319,         0.6042,         0.0000,         0.0000,     4
   53.000000,    -3.000000,        -0.0224,         0.0308,        -0.7260,         0.0000,         0.0000,     6
   55.000000,    -3.000000,         0.0036,         0.0252,         0.1436,         0.0000,         0.0000,     8
   57.000000,    -3.000000,         0.0041,         0.0363,         0.1138,         0.0000,         0.0000,     4
   59.000000,    -3.000000,         0.0384,         0.0289,         1.3283,         0.0000,         0.0000,     4
    7.000000,    -1.000000,         0.0750,         0.0235,         3.1915,         1.0000,         0.0750,     1
   39.000000,    -1.000000,         0.1295,         0.0416,         3.1126,         1.0000,         0.1295,     2
   43.000000,    -1.000000,         0.0629,         0.0304,         2.0721,         1.0000,         0.0629,     5
   47.000000,    -1.000000,         0.0178,         0.0269,         0.6621,         0.0000,         0.0000,     6
   49.000000,    -1.000000,         0.0221,         0.0578,         0.3821,         0.0000,         0.0000,     2
   53.000000,    -1.000000,         0.0249,         0.0389,         0.6406,         0.0000,         0.0000,     4
   55.000000,    -1.000000,        -0.0144,         0.0450,        -0.3203,         0.0000,         0.0000,     2
   61.000000,    -1.000000,        -0.0329,         0.0463,        -0.7111,         0.0000,         0.0000,     2
   41.000000,     1.000000,         0.1394,         0.0403,         3.4620,         1.0000,         0.1394,     2
   43.000000,     1.000000,         0.0028,         0.0346,         0.0802,         0.0000,         0.0000,     4
   45.000000,     1.000000,         0.0689,         0.0415,         1.6622,         0.0000,         0.0000,     2
   49.000000,     1.000000,         0.0403,         0.0355,         1.1357,         0.0000,         0.0000,     4
   51.000000,     1.000000,         0.0018,         0.0285,         0.0636,         0.0000,         0.0000,     6
   53.000000,     1.000000,         0.0116,         0.0458,         0.2535,         0.0000,         0.0000,     2
   43.000000,     3.000000,         0.0447,         0.0348,         1.2852,         0.0000,         0.0000,     4
   45.000000,     3.000000,        -0.0041,         0.0242,        -0.1697,         0.0000,         0.0000,     7
   49.000000,     3.000000,         0.0269,         0.0422,         0.6374,         0.0000,         0.0000,     3
   37.000000,     5.000000,         0.0530,         0.0265,         2.0000,         1.0000,         0.0530,     1
   43.000000,     5.000000,         0.0941,         0.0301,         3.1220,         1.0000,         0.0941,     4
   45.000000,     5.000000,         0.0290,         0.0295,         0.9858,         0.0000,         0.0000,     9
   47.000000,     5.000000,        -0.0065,         0.0578,        -0.1125,         0.0000,         0.0000,     2
   49.000000,     5.000000,         0.0245,         0.0395,         0.6194,         0.0000,         0.0000,     4
   51.000000,     5.000000,         0.0265,         0.0271,         0.9778,         0.0000,         0.0000,     8
   53.000000,     5.000000,         0.0446,         0.0345,         1.2926,         0.0000,         0.0000,     4
   59.000000,     5.000000,         0.0225,         0.0414,         0.5435,         0.0000,         0.0000,     2
   61.000000,     5.000000,         0.0368,         0.0278,         1.3245,         0.0000,         0.0000,     4
   45.000000,     7.000000,         0.0170,         0.0198,         0.8577,         0.0000,         0.0000,    14
   47.000000,     7.000000,         0.0550,         0.0267,         2.0596,         1.0000,         0.0550,     9
   49.000000,     7.000000,         0.0829,         0.0365,         2.2723,         1.0000,         0.0829,     2
   51.000000,     7.000000,         0.0140,         0.0745,         0.1879,         0.0000,         0.0000,     1
   53.000000,     7.000000,        -0.0017,         0.0402,        -0.0417,         0.0000,         0.0000,     4
   59.000000,     7.000000,        -0.0059,         0.0713,        -0.0827,         0.0000,         0.0000,     1
   63.000000,     7.000000,        -0.0352,         0.0598,        -0.5891,         0.0000,         0.0000,     2
    5.000000,     9.000000,         0.0000,         0.0202,         0.0000,         0.0000,         0.0000,     1
   43.000000,     9.000000,         0.0066,         0.0583,         0.1132,         0.0000,         0.0000,     2
   45.000000,     9.000000,         0.0547,         0.0351,         1.5613,         0.0000,         0.0000,     4
   47.000000,     9.000000,         0.0494,         0.0208,         2.3722,         1.0000,         0.0494,    15
   49.000000,     9.000000,         0.0575,         0.0484,         1.1870,         0.0000,         0.0000,     2
   51.000000,     9.000000,         0.0510,         0.1240,         0.4113,         0.0000,         0.0000,     1
   53.000000,     9.000000,         0.0460,         0.0357,         1.2882,         0.0000,         0.0000,     4
   55.000000,     9.000000,        -0.0049,         0.0398,        -0.1238,         0.0000,         0.0000,     4
   57.000000,     9.000000,         0.0306,         0.0361,         0.8492,         0.0000,         0.0000,     3
   59.000000,     9.000000,        -0.0126,         0.0396,        -0.3191,         0.0000,         0.0000,     2
   61.000000,     9.000000,         0.0252,         0.0413,         0.6090,         0.0000,         0.0000,     4
   63.000000,     9.000000,        -0.0266,         0.0713,        -0.3731,         0.0000,         0.0000,     1
   -5.000000,    11.000000,         0.1720,         0.0000,         0.0000,         0.0000,         0.0000,     1
    3.000000,    11.000000,        -0.0660,         0.0408,        -1.6176,         0.0000,         0.0000,     1
   13.000000,    11.000000,         0.0430,         0.0128,         3.3666,         1.0000,         0.0430,     3
   25.000000,    11.000000,         0.2755,         0.0452,         6.0963,         1.0000,         0.2755,     2
   45.000000,    11.000000,         0.0539,         0.0492,         1.0949,         0.0000,         0.0000,     2
   47.000000,    11.000000,         0.0453,         0.0413,         1.0962,         0.0000,         0.0000,     2
   49.000000,    11.000000,         0.0268,         0.0528,         0.5079,         0.0000,         0.0000,     2
   51.000000,    11.000000,         0.0010,         0.0304,         0.0345,         0.0000,         0.0000,     6
   53.000000,    11.000000,         0.0290,         0.0292,         0.9939,         0.0000,         0.0000,     6
   55.000000,    11.000000,         0.0235,         0.0338,         0.6933,         0.0000,         0.0000,     4
   59.000000,    11.000000,         0.0337,         0.0245,         1.3775,         0.0000,         0.0000,     6
   63.000000,    11.000000,        -0.0650,         0.0471,        -1.3786,         0.0000,         0.0000,     3
   65.000000,    11.000000,        -0.0170,         0.0462,        -0.3685,         0.0000,         0.0000,     3
   -5.000000,    13.000000,         0.0610,         0.0352,         1.7330,         0.0000,         0.0000,     1
   13.000000,    13.000000,        -0.0430,         0.0592,        -0.7264,         0.0000,         0.0000,     1
   19.000000,    13.000000,         0.0320,         0.0179,         1.7828,         0.0000,         0.0000,     3
   43.000000,    13.000000,         0.1015,         0.0314,         3.2335,         1.0000,         0.1015,     5
   45.000000,    13.000000,         0.0804,         0.0588,         1.3666,         0.0000,         0.0000,     2
   47.000000,    13.000000,         0.0201,         0.0253,         0.7926,         0.0000,         0.0000,     7
   49.000000,    13.000000,         0.0236,         0.0573,         0.4125,         0.0000,         0.0000,     2
   55.000000,    13.000000,         0.0312,         0.0339,         0.9200,         0.0000,         0.0000,     5
   57.000000,    13.000000,         0.0482,         0.0319,         1.5101,         0.0000,         0.0000,     3
   59.000000,    13.000000,         0.0434,         0.0281,         1.5441,         0.0000,         0.0000,     5
   61.000000,    13.000000,         0.0137,         0.0525,         0.2611,         0.0000,         0.0000,     2
   63.000000,    13.000000,        -0.0604,         0.0445,        -1.3564,         0.0000,         0.0000,     4
   69.000000,    13.000000,        -0.0616,         0.0400,        -1.5381,         0.0000,         0.0000,     2
   -5.000000,    15.000000,         0.0730,         0.0342,         2.1345,         1.0000,         0.0730,     1
   -3.000000,    15.000000,        -0.0010,         0.0390,        -0.0256,         0.0000,         0.0000,     1
   41.000000,    15.000000,         0.0170,         0.0628,         0.2707,         0.0000,         0.0000,     1
   45.000000,    15.000000,         0.0598,         0.0472,         1.2668,         0.0000,         0.0000,     2
   47.000000,    15.000000,        -0.0040,         0.0306,        -0.1307,         0.0000,         0.0000,     1
   49.000000,    15.000000,         0.0209,         0.0270,         0.7743,         0.0000,         0.0000,     7
   55.000000,    15.000000,         0.0419,         0.0443,         0.9452,         0.0000,         0.0000,     3
   57.000000,    15.000000,         0.0070,         0.0234,         0.3002,         0.0000,         0.0000,    10
   59.000000,    15.000000,         0.0077,         0.0366,         0.2103,         0.0000,         0.0000,     4
   63.000000,    15.000000,        -0.0673,         0.0219,        -3.0740,        -1.0000,        -0.0673,    10
   65.000000,    15.000000,        -0.0938,         0.0492,        -1.9044,         0.0000,         0.0000,     2
   79.000000,    15.000000,         0.0104,         0.0713,         0.1459,         0.0000,         0.0000,     1
  -23.000000,    17.000000,        -0.0410,         0.0362,        -1.1326,         0.0000,         0.0000,     1
   21.000000,    17.000000,        -0.0590,         0.0099,        -5.9596,        -1.0000,        -0.0590,     1
   23.000000,    17.000000,         0.1760,         0.0240,         7.3333,         1.0000,         0.1760,     1
   43.000000,    17.000000,         0.0513,         0.0318,         1.6141,         0.0000,         0.0000,     4
   47.000000,    17.000000,         0.0755,         0.0445,         1.6951,         0.0000,         0.0000,     2
   49.000000,    17.000000,         0.0159,         0.0412,         0.3847,         0.0000,         0.0000,     2
   53.000000,    17.000000,         0.0494,         0.0268,         1.8437,         0.0000,         0.0000,     7
   55.000000,    17.000000,         0.0384,         0.0396,         0.9685,         0.0000,         0.0000,     4
   57.000000,    17.000000,        -0.0030,         0.0555,        -0.0549,         0.0000,         0.0000,     2
   59.000000,    17.000000,        -0.0138,         0.0520,        -0.2652,         0.0000,         0.0000,     2
   63.000000,    17.000000,         0.0130,         0.0328,         0.3951,         0.0000,         0.0000,     4
   69.000000,    17.000000,        -0.0011,         0.0271,        -0.0419,         0.0000,         0.0000,     3
  -35.000000,    19.000000,        -0.0890,         0.0212,        -4.1981,        -1.0000,        -0.0890,     1
  -33.000000,    19.000000,         0.1470,         0.0480,         3.0625,         1.0000,         0.1470,     1
   23.000000,    19.000000,         0.1700,         0.0587,         2.8961,         1.0000,         0.1700,     1
   47.000000,    19.000000,         0.0561,         0.0636,         0.8817,         0.0000,         0.0000,     2
   49.000000,    19.000000,         0.0256,         0.0311,         0.8215,         0.0000,         0.0000,     5
   51.000000,    19.000000,         0.0193,         0.0330,         0.5839,         0.0000,         0.0000,     4
   53.000000,    19.000000,         0.0105,         0.0325,         0.3236,         0.0000,         0.0000,     4
   55.000000,    19.000000,         0.0545,         0.0515,         1.0602,         0.0000,         0.0000,     2
   57.000000,    19.000000,        -0.0051,         0.0552,        -0.0924,         0.0000,         0.0000,     2
   63.000000,    19.000000,        -0.0165,         0.0368,        -0.4470,         0.0000,         0.0000,     4
   69.000000,    19.000000,         0.0139,         0.0263,         0.5273,         0.0000,         0.0000,     4
   75.000000,    19.000000,         0.0113,         0.0713,         0.1585,         0.0000,         0.0000,     1
   81.000000,    19.000000,        -0.0415,         0.0713,        -0.5820,         0.0000,         0.0000,     1
   39.000000,    21.000000,         0.0210,         0.0274,         0.7659,         0.0000,         0.0000,     3
   41.000000,    21.000000,         0.1685,         0.0327,         5.1522,         1.0000,         0.1685,     4
   45.000000,    21.000000,         0.0650,         0.0417,         1.5616,         0.0000,         0.0000,     2
   49.000000,    21.000000,         0.0534,         0.0270,         1.9746,         0.0000,         0.0000,     6
   51.000000,    21.000000,         0.0528,         0.0417,         1.2661,         0.0000,         0.0000,     3
   53.000000,    21.000000,         0.0467,         0.0312,         1.5004,         0.0000,         0.0000,     5
   57.000000,    21.000000,         0.0086,         0.0511,         0.1683,         0.0000,         0.0000,     2
   67.000000,    21.000000,        -0.0094,         0.0408,        -0.2306,         0.0000,         0.0000,     2
   69.000000,    21.000000,         0.0101,         0.0412,         0.2445,         0.0000,         0.0000,     3
  -33.000000,    23.000000,        -0.0320,         0.0691,        -0.4631,         0.0000,         0.0000,     1
   39.000000,    23.000000,         0.0834,         0.0260,         3.2063,         1.0000,         0.0834,     3
   43.000000,    23.000000,         0.1243,         0.0391,         3.1814,         1.0000,         0.1243,     3
   45.000000,    23.000000,         0.0704,         0.0499,         1.4101,         0.0000,         0.0000,     2
   47.000000,    23.000000,         0.0028,         0.0455,         0.0627,         0.0000,         0.0000,     2
   49.000000,    23.000000,         0.0289,         0.0417,         0.6924,         0.0000,         0.0000,     3
   51.000000,    23.000000,         0.0634,         0.0289,         2.1956,         1.0000,         0.0634,     6
   53.000000,    23.000000,         0.0610,         0.0461,         1.3237,         0.0000,         0.0000,     2
   55.000000,    23.000000,         0.0720,         0.0602,         1.1978,         0.0000,         0.0000,     2
   59.000000,    23.000000,         0.0232,         0.0268,         0.8673,         0.0000,         0.0000,     5
   61.000000,    23.000000,         0.0027,         0.0414,         0.0644,         0.0000,         0.0000,     3
   63.000000,    23.000000,        -0.0327,         0.0291,        -1.1214,         0.0000,         0.0000,     5
   69.000000,    23.000000,         0.0063,         0.0355,         0.1783,         0.0000,         0.0000,     3
  -31.000000,    25.000000,        -0.1800,         0.0314,        -5.7325,        -1.0000,        -0.1800,     1
   41.000000,    25.000000,         0.1164,         0.0404,         2.8814,         1.0000,         0.1164,     2
   43.000000,    25.000000,         0.1086,         0.0598,         1.8159,         0.0000,         0.0000,     3
   47.000000,    25.000000,         0.0327,         0.0327,         0.9995,         0.0000,         0.0000,     4
   49.000000,    25.000000,         0.0658,         0.0304,         2.1609,         1.0000,         0.0658,     5
   51.000000,    25.000000,         0.0632,         0.0219,         2.8865,         1.0000,         0.0632,    11
   53.000000,    25.000000,        -0.0970,         0.1270,        -0.7638,         0.0000,         0.0000,     1
   55.000000,    25.000000,         0.0503,         0.0492,         1.0207,         0.0000,         0.0000,     2
   59.000000,    25.000000,         0.0428,         0.0146,         2.9298,         1.0000,         0.0428,    18
   61.000000,    25.000000,        -0.0126,         0.0207,        -0.6104,         0.0000,         0.0000,    12
   67.000000,    25.000000,        -0.0115,         0.0260,        -0.4397,         0.0000,         0.0000,     8
  -11.000000,    27.000000,         0.0420,         0.0298,         1.4094,         0.0000,         0.0000,     1
   19.000000,    27.000000,         0.4105,         0.0464,         8.8429,         1.0000,         0.4105,     2
   43.000000,    27.000000,         0.1804,         0.0412,         4.3824,         1.0000,         0.1804,     3
   45.000000,    27.000000,         0.0418,         0.0347,         1.2040,         0.0000,         0.0000,     3
   51.000000,    27.000000,         0.0230,         0.0587,         0.3916,         0.0000,         0.0000,     2
   53.000000,    27.000000,        -0.0075,         0.0580,        -0.1293,         0.0000,         0.0000,     2
   55.000000,    27.000000,         0.0660,         0.0592,         1.1149,         0.0000,         0.0000,     1
   57.000000,    27.000000,         0.0332,         0.0222,         1.4954,         0.0000,         0.0000,     9
   59.000000,    27.000000,         0.0353,         0.0145,         2.4363,         1.0000,         0.0353,    17
   61.000000,    27.000000,        -0.0333,         0.0309,        -1.0763,         0.0000,         0.0000,     4
   63.000000,    27.000000,        -0.0274,         0.0194,        -1.4133,         0.0000,         0.0000,     9
   65.000000,    27.000000,         0.0207,         0.0355,         0.5829,         0.0000,         0.0000,     3
   69.000000,    27.000000,         0.0066,         0.0267,         0.2458,         0.0000,         0.0000,     5
  -29.000000,    29.000000,         0.0070,         0.0334,         0.2096,         0.0000,         0.0000,     1
  -25.000000,    29.000000,         0.0867,         0.0230,         3.7696,         1.0000,         0.0867,     3
   -5.000000,    29.000000,         0.0247,         0.0288,         0.8574,         0.0000,         0.0000,     9
   -3.000000,    29.000000,         0.0883,         0.0122,         7.2658,         1.0000,         0.0883,    26
   -1.000000,    29.000000,        -0.0585,         0.0382,        -1.5296,         0.0000,         0.0000,     3
    1.000000,    29.000000,        -0.2115,         0.0573,        -3.6884,        -1.0000,        -0.2115,     2
   21.000000,    29.000000,         0.0920,         0.0566,         1.6254,         0.0000,         0.0000,     1
   37.000000,    29.000000,         0.3700,         0.0713,         5.1893,         1.0000,         0.3700,     1
   43.000000,    29.000000,         0.1841,         0.0374,         4.9177,         1.0000,         0.1841,     3
   49.000000,    29.000000,        -0.0204,         0.0516,        -0.3961,         0.0000,         0.0000,     2
   51.000000,    29.000000,         0.0253,         0.0454,         0.5583,         0.0000,         0.0000,     3
   53.000000,    29.000000,         0.0630,         0.0501,         1.2584,         0.0000,         0.0000,     2
   55.000000,    29.000000,         0.0800,         0.0444,         1.8029,         0.0000,         0.0000,     2
   57.000000,    29.000000,         0.0428,         0.0360,         1.1874,         0.0000,         0.0000,     3
   59.000000,    29.000000,         0.0060,         0.0829,         0.0724,         0.0000,         0.0000,     1
   61.000000,    29.000000,        -0.0671,         0.0257,        -2.6120,        -1.0000,        -0.0671,     6
   65.000000,    29.000000,        -0.0081,         0.0387,        -0.2094,         0.0000,         0.0000,     3
   67.000000,    29.000000,         0.0175,         0.0271,         0.6478,         0.0000,         0.0000,     4
   69.000000,    29.000000,         0.0123,         0.0369,         0.3346,         0.0000,         0.0000,     3
   71.000000,    29.000000,         0.0101,         0.0270,         0.3735,         0.0000,         0.0000,     5
  -23.000000,    31.000000,        -0.0040,         0.0676,        -0.0592,         0.0000,         0.0000,     1
   -9.000000,    31.000000,         0.0619,         0.0508,         1.2183,         0.0000,         0.0000,     3
   -3.000000,    31.000000,         0.0639,         0.0290,         2.2016,         1.0000,         0.0639,     6
    1.000000,    31.000000,         0.0154,         0.0447,         0.3460,         0.0000,         0.0000,     2
   37.000000,    31.000000,         0.2223,         0.0713,         3.1178,         1.0000,         0.2223,     1
   49.000000,    31.000000,        -0.0404,         0.0373,        -1.0840,         0.0000,         0.0000,     3
   55.000000,    31.000000,         0.0529,         0.0365,         1.4521,         0.0000,         0.0000,     4
   57.000000,    31.000000,         0.0450,         0.0709,         0.6347,         0.0000,         0.0000,     1
   59.000000,    31.000000,         0.0302,         0.0303,         0.9963,         0.0000,         0.0000,     5
   61.000000,    31.000000,         0.0243,         0.0197,         1.2300,         0.0000,         0.0000,     9
   63.000000,    31.000000,         0.0086,         0.0540,         0.1593,         0.0000,         0.0000,     2
   65.000000,    31.000000,        -0.0236,         0.0264,        -0.8933,         0.0000,         0.0000,     6
   67.000000,    31.000000,         0.0017,         0.0292,         0.0571,         0.0000,         0.0000,     3
   71.000000,    31.000000,         0.0217,         0.0339,         0.6419,         0.0000,         0.0000,     3
  -29.000000,    33.000000,        -0.1550,         0.0181,        -8.5635,        -1.0000,        -0.1550,     1
   -9.000000,    33.000000,         0.1860,         0.0436,         4.2698,         1.0000,         0.1860,     4
    1.000000,    33.000000,         0.0050,         0.0082,         0.6098,         0.0000,         0.0000,     1
   47.000000,    33.000000,         0.1110,         0.0324,         3.4259,         1.0000,         0.1110,     1
   57.000000,    33.000000,         0.0740,         0.0416,         1.7788,         0.0000,         0.0000,     1
   61.000000,    33.000000,         0.0287,         0.0219,         1.3115,         0.0000,         0.0000,     7
   63.000000,    33.000000,         0.0237,         0.0309,         0.7654,         0.0000,         0.0000,     3
   65.000000,    33.000000,         0.0020,         0.0262,         0.0764,         0.0000,         0.0000,     5
    1.000000,    35.000000,         0.0039,         0.0113,         0.3445,         0.0000,         0.0000,    12
   51.000000,    35.000000,        -0.0370,         0.0257,        -1.4401,         0.0000,         0.0000,     4
   53.000000,    35.000000,        -0.0116,         0.0431,        -0.2697,         0.0000,         0.0000,     3
   57.000000,    35.000000,         0.0450,         0.0249,         1.8106,         0.0000,         0.0000,     6
   61.000000,    35.000000,         0.0325,         0.0219,         1.4880,         0.0000,         0.0000,     5
   63.000000,    35.000000,         0.0190,         0.0216,         0.8767,         0.0000,         0.0000,     6
   69.000000,    35.000000,        -0.0175,         0.0428,        -0.4089,         0.0000,         0.0000,     2
   -1.000000,    37.000000,        -0.0572,         0.0104,        -5.5101,        -1.0000,        -0.0572,     4
    1.000000,    37.000000,         0.1047,         0.0186,         5.6172,         1.0000,         0.1047,     6
   35.000000,    37.000000,         0.1710,         0.0713,         2.3983,         1.0000,         0.1710,     1
   49.000000,    37.000000,        -0.0130,         0.0515,        -0.2524,         0.0000,         0.0000,     1
   57.000000,    37.000000,         0.0366,         0.0281,         1.3032,         0.0000,         0.0000,     5
   61.000000,    37.000000,         0.0310,         0.0487,         0.6366,         0.0000,         0.0000,     1
   63.000000,    37.000000,         0.0105,         0.0265,         0.3966,         0.0000,         0.0000,     4
    7.000000,    39.000000,        -0.0251,         0.0184,        -1.3660,         0.0000,         0.0000,     8
   53.000000,    39.000000,        -0.0270,         0.0722,        -0.3740,         0.0000,         0.0000,     1
   57.000000,    39.000000,         0.0680,         0.0195,         3.4819,         1.0000,         0.0680,     9
   61.000000,    39.000000,        -0.0135,         0.0523,        -0.2584,         0.0000,         0.0000,     2
   43.000000,    41.000000,         0.0508,         0.0243,         2.0931,         1.0000,         0.0508,     6
   57.000000,    41.000000,         0.0409,         0.0281,         1.4529,         0.0000,         0.0000,     6
   63.000000,    43.000000,         0.0151,         0.0365,         0.4146,         0.0000,         0.0000,     3
   65.000000,    43.000000,         0.0040,         0.0413,         0.0969,         0.0000,         0.0000,     1
   41.000000,    45.000000,         0.0280,         0.0691,         0.4052,         0.0000,         0.0000,     1
  -19.000000,    47.000000,        -0.1117,         0.0258,        -4.3300,        -1.0000,        -0.1117,     3
   35.000000,    47.000000,         0.0567,         0.0408,         1.3887,         0.0000,         0.0000,     2
   41.000000,    47.000000,         0.0730,         0.0571,         1.2785,         0.0000,         0.0000,     1
   47.000000,    47.000000,        -0.1900,         0.0416,        -4.5673,        -1.0000,        -0.1900,     1
  -19.000000,    49.000000,         0.0310,         0.0224,         1.3839,         0.0000,         0.0000,     1
   55.000000,    49.000000,        -0.1590,         0.0431,        -3.6881,        -1.0000,        -0.1590,     3
   67.000000,    53.000000,        -0.0013,         0.0305,        -0.0416,         0.0000,         0.0000,     3
   57.000000,    57.000000,         0.0199,         0.0286,         0.6943,         0.0000,         0.0000,     4
   55.000000,    59.000000,         0.0420,         0.0251,         1.6708,         0.0000,         0.0000,     4
   47.000000,    61.000000,        -0.1020,         0.0619,        -1.6466,         0.0000,         0.0000,     3
   57.000000,    61.000000,         0.0145,         0.0270,         0.5366,         0.0000,         0.0000,     4
   55.000000,    63.000000,         0.0700,         0.0401,         1.7456,         0.0000,         0.0000,     1
   63.000000,    65.000000,         0.0038,         0.0223,         0.1687,         0.0000,         0.0000,     5
   65.000000,    65.000000,         0.0084,         0.0313,         0.2696,         0.0000,         0.0000,     3
   67.000000,    67.000000,        -0.0070,         0.0449,        -0.1559,         0.0000,         0.0000,     1
   69.000000,    67.000000,         0.0570,         0.0196,         2.9082,         1.0000,         0.0570,     1
   71.000000,    67.000000,         0.0440,         0.0480,         0.9167,         0.0000,         0.0000,     1
   59.000000,    69.000000,        -0.0033,         0.0251,        -0.1293,         0.0000,         0.0000,     6
   61.000000,    69.000000,        -0.0160,         0.0452,        -0.3540,         0.0000,         0.0000,     1
   67.000000,    69.000000,        -0.0081,         0.0281,        -0.2870,         0.0000,         0.0000,     3
   53.000000,    71.000000,        -0.0355,         0.0307,        -1.1578,         0.0000,         0.0000,     2
   67.000000,    71.000000,         0.0795,         0.0424,         1.8746,         0.0000,         0.0000,     2
   69.000000,    71.000000,         0.0943,         0.0176,         5.3675,         1.0000,         0.0943,     4
   61.000000,    73.000000,         0.0133,         0.0218,         0.6075,         0.0000,         0.0000,     5
   41.000000,    75.000000,         0.0390,         0.0342,         1.1414,         0.0000,         0.0000,     2
   49.000000,    75.000000,         0.0800,         0.0125,         6.4050,         1.0000,         0.0800,     2
   55.000000,    77.000000,         0.0265,         0.0243,         1.0894,         0.0000,         0.0000,     2
   59.000000,    77.000000,        -0.0075,         0.0194,        -0.3871,         0.0000,         0.0000,     2
   61.000000,    77.000000,         0.0208,         0.0199,         1.0471,         0.0000,         0.0000,     6
   33.000000,    79.000000,        -0.0850,         0.0291,        -2.9210,        -1.0000,        -0.0850,     1
   37.000000,    79.000000,         0.0360,         0.0467,         0.7709,         0.0000,         0.0000,     1
   57.000000,    79.000000,         0.0525,         0.0329,         1.5935,         0.0000,         0.0000,     2
   61.000000,    79.000000,         0.0248,         0.0183,         1.3560,         0.0000,         0.0000,     6
   65.000000,    79.000000,         0.0440,         0.0228,         1.9293,         0.0000,         0.0000,     2
   67.000000,    79.000000,         0.1360,         0.0250,         5.4509,         1.0000,         0.1360,     2
   33.000000,    81.000000,         0.2130,         0.0204,        10.4412,         1.0000,         0.2130,     1
   35.000000,    81.000000,         0.0220,         0.0383,         0.5744,         0.0000,         0.0000,     1
   37.000000,    81.000000,        -0.0290,         0.0436,        -0.6651,         0.0000,         0.0000,     1
   51.000000,    81.000000,         0.0985,         0.0304,         3.2440,         1.0000,         0.0985,     2
   55.000000,    81.000000,         0.0320,         0.0255,         1.2568,         0.0000,         0.0000,     6
   43.000000,    83.000000,         0.0030,         0.0304,         0.0987,         0.0000,         0.0000,     1
   45.000000,    83.000000,         0.0360,         0.0786,         0.4580,         0.0000,         0.0000,     1
   55.000000,    83.000000,         0.0045,         0.0332,         0.1354,         0.0000,         0.0000,     2
   57.000000,    83.000000,         0.0240,         0.0363,         0.6611,         0.0000,         0.0000,     2
   59.000000,    83.000000,         0.0350,         0.0316,         1.1067,         0.0000,         0.0000,     2
   71.000000,    83.000000,         0.0245,         0.0139,         1.7632,         0.0000,         0.0000,     2
   29.000000,    85.000000,         0.1890,         0.0804,         2.3507,         1.0000,         0.1890,     1
   31.000000,    85.000000,        -0.0145,         0.0261,        -0.5562,         0.0000,         0.0000,     2
   45.000000,    85.000000,         0.0030,         0.0242,         0.1240,         0.0000,         0.0000,     1
   57.000000,    85.000000,         0.0295,         0.0310,         0.9519,         0.0000,         0.0000,     4
   59.000000,    85.000000,         0.0358,         0.0234,         1.5317,         0.0000,         0.0000,     6
   69.000000,    85.000000,         0.0940,         0.0304,         3.0945,         1.0000,         0.0940,     2
   43.000000,    87.000000,         0.1020,         0.0417,         2.4490,         1.0000,         0.1020,     2
   47.000000,    87.000000,        -0.0200,         0.0347,        -0.5764,         0.0000,         0.0000,     1
   49.000000,    87.000000,        -0.0165,         0.0236,        -0.6981,         0.0000,         0.0000,     2
   61.000000,    87.000000,         0.0082,         0.0169,         0.4837,         0.0000,         0.0000,     6
   67.000000,    87.000000,         0.0290,         0.0319,         0.9099,         0.0000,         0.0000,     2
   69.000000,    87.000000,         0.0328,         0.0231,         1.4208,         0.0000,         0.0000,     4
   31.000000,    89.000000,         0.0090,         0.0385,         0.2338,         0.0000,         0.0000,     1
   37.000000,    89.000000,         0.1780,         0.0370,         4.8108,         1.0000,         0.1780,     1
   49.000000,    89.000000,         0.0935,         0.0156,         6.0090,         1.0000,         0.0935,     8
   57.000000,    89.000000,         0.0315,         0.0287,         1.0959,         0.0000,         0.0000,     2
   61.000000,    89.000000,         0.0440,         0.0301,         1.4601,         0.0000,         0.0000,     2
   41.000000,    91.000000,         0.0680,         0.0398,         1.7085,         0.0000,         0.0000,     1
   49.000000,    91.000000,         0.1300,         0.0234,         5.5649,         1.0000,         0.1300,     4
   61.000000,    91.000000,        -0.0777,         0.0232,        -3.3496,        -1.0000,        -0.0777,     4
   35.000000,    93.000000,         0.1240,         0.0439,         2.8246,         1.0000,         0.1240,     1
   59.000000,    93.000000,        -0.0965,         0.0533,        -1.8120,         0.0000,         0.0000,     2
   51.000000,    95.000000,        -0.0665,         0.0497,        -1.3385,         0.0000,         0.0000,     2
   39.000000,    97.000000,         0.0640,         0.0426,         1.5023,         0.0000,         0.0000,     1
   27.000000,    99.000000,         0.0740,         0.0250,         2.9600,         1.0000,         0.0740,     1
   37.000000,    99.000000,        -0.0910,         0.0130,        -7.0000,        -1.0000,        -0.0910,     1
   49.000000,    99.000000,        -0.0982,         0.0198,        -4.9642,        -1.0000,        -0.0982,     9
   51.000000,    99.000000,        -0.0890,         0.0395,        -2.2532,        -1.0000,        -0.0890,     2
   71.000000,    99.000000,         0.0240,         0.0386,         0.6213,         0.0000,         0.0000,     2
   23.000000,   101.000000,         0.1840,         0.0765,         2.4052,         1.0000,         0.1840,     1
   25.000000,   101.000000,         0.0270,         0.0842,         0.3207,         0.0000,         0.0000,     1
   27.000000,   101.000000,         0.0170,         0.0000,         0.0000,         0.0000,         0.0000,     1
   33.000000,   101.000000,         0.1600,         0.0313,         5.1082,         1.0000,         0.1600,     2
   47.000000,   101.000000,         0.0400,         0.0577,         0.6935,         0.0000,         0.0000,     2
   51.000000,   101.000000,        -0.0085,         0.0320,        -0.2660,         0.0000,         0.0000,     2
   27.000000,   103.000000,         0.2310,         0.0204,        11.3235,         1.0000,         0.2310,     1
   33.000000,   103.000000,         0.0150,         0.0364,         0.4121,         0.0000,         0.0000,     2
   49.000000,   103.000000,         0.0570,         0.0275,         2.0735,         1.0000,         0.0570,     4
   61.000000,   103.000000,         0.0150,         0.0236,         0.6354,         0.0000,         0.0000,     2
   35.000000,   105.000000,         0.0255,         0.0258,         0.9865,         0.0000,         0.0000,     2
   35.000000,   107.000000,         0.1190,         0.0380,         3.1316,         1.0000,         0.1190,     1
   39.000000,   107.000000,         0.0370,         0.0332,         1.1145,         0.0000,         0.0000,     1
   51.000000,   107.000000,         0.0470,         0.0368,         1.2764,         0.0000,         0.0000,     4
   25.000000,   109.000000,        -0.0030,         0.0668,        -0.0449,         0.0000,         0.0000,     1
   35.000000,   109.000000,        -0.0858,         0.0135,        -6.3447,        -1.0000,        -0.0858,     6
   37.000000,   109.000000,         0.2405,         0.0298,         8.0835,         1.0000,         0.2405,     2
   39.000000,   109.000000,         0.0350,         0.0704,         0.4972,         0.0000,         0.0000,     1
   53.000000,   109.000000,         0.1193,         0.0213,         5.5907,         1.0000,         0.1193,     4
   21.000000,   111.000000,         0.0090,         0.0144,         0.6270,         0.0000,         0.0000,     2
   25.000000,   111.000000,         0.1300,         0.0362,         3.5912,         1.0000,         0.1300,     1
   31.000000,   111.000000,         0.1300,         0.0582,         2.2337,         1.0000,         0.1300,     1
   41.000000,   111.000000,         0.2580,         0.0120,        21.5000,         1.0000,         0.2580,     1
   53.000000,   111.000000,        -0.0120,         0.0449,        -0.2672,         0.0000,         0.0000,     2
   55.000000,   111.000000,        -0.0225,         0.0295,        -0.7618,         0.0000,         0.0000,     2
   21.000000,   113.000000,        -0.0060,         0.0347,        -0.1729,         0.0000,         0.0000,     1
   23.000000,   113.000000,         0.0160,         0.0209,         0.7662,         0.0000,         0.0000,     3
   31.000000,   113.000000,         0.1215,         0.0300,         4.0438,         1.0000,         0.1215,     2
   41.000000,   113.000000,         0.0735,         0.0174,         4.2215,         1.0000,         0.0735,    13
   41.000000,   115.000000,         0.1797,         0.0410,         4.3768,         1.0000,         0.1797,     3
   23.000000,   117.000000,         0.1013,         0.0232,         4.3708,         1.0000,         0.1013,     3
   31.000000,   117.000000,         0.7420,         0.0214,        34.6729,         1.0000,         0.7420,     1
   39.000000,   117.000000,         0.1820,         0.0212,         8.5728,         1.0000,         0.1820,     3
   43.000000,   117.000000,         0.0010,         0.0348,         0.0287,         0.0000,         0.0000,     2
   49.000000,   117.000000,         0.2080,         0.0469,         4.4350,         1.0000,         0.2080,     1
   31.000000,   119.000000,        -0.0427,         0.0328,        -1.3015,         0.0000,         0.0000,     3
   33.000000,   119.000000,        -0.1257,         0.0196,        -6.4096,        -1.0000,        -0.1257,     3
   39.000000,   119.000000,         0.0177,         0.0417,         0.4239,         0.0000,         0.0000,     3
   41.000000,   119.000000,         0.0690,         0.0367,         1.8801,         0.0000,         0.0000,     1
   49.000000,   119.000000,        -0.2640,         0.1128,        -2.3404,        -1.0000,        -0.2640,     1
   23.000000,   121.000000,         0.0690,         0.0359,         1.9239,         0.0000,         0.0000,     3
   31.000000,   121.000000,         0.1049,         0.0151,         6.9283,         1.0000,         0.1049,     7
   37.000000,   121.000000,         0.0490,         0.0188,         2.6092,         1.0000,         0.0490,     2
   39.000000,   121.000000,        -0.0180,         0.0444,        -0.4054,         0.0000,         0.0000,     1
   63.000000,   121.000000,         0.0675,         0.0350,         1.9291,         0.0000,         0.0000,     2
   65.000000,   121.000000,         0.0175,         0.0196,         0.8931,         0.0000,         0.0000,     2
   45.000000,   123.000000,         0.0013,         0.0367,         0.0364,         0.0000,         0.0000,     3
   47.000000,   123.000000,        -0.0130,         0.0510,        -0.2549,         0.0000,         0.0000,     1
   63.000000,   123.000000,         0.0510,         0.0517,         0.9863,         0.0000,         0.0000,     2
   43.000000,   125.000000,         0.0547,         0.0262,         2.0860,         1.0000,         0.0547,     3
   57.000000,   125.000000,         0.0510,         0.0313,         1.6294,         0.0000,         0.0000,     2
   43.000000,   127.000000,         0.1520,         0.0161,         9.4410,         1.0000,         0.1520,     1
   49.000000,   129.000000,        -0.0250,         0.0168,        -1.4881,         0.0000,         0.0000,     1
   61.000000,   129.000000,         0.0410,         0.0181,         2.2627,         1.0000,         0.0410,     4
   63.000000,   129.000000,         0.0930,         0.0469,         1.9812,         0.0000,         0.0000,     2
   59.000000,   131.000000,        -0.0010,         0.0295,        -0.0339,         0.0000,         0.0000,     2
   47.000000,   133.000000,         0.0250,         0.0344,         0.7267,         0.0000,         0.0000,     1
   49.000000,   133.000000,         0.1640,         0.0352,         4.6591,         1.0000,         0.1640,     1
   49.000000,   135.000000,         0.1470,         0.0362,         4.0608,         1.0000,         0.1470,     1
   71.000000,   137.000000,         0.0405,         0.0120,         3.3783,         1.0000,         0.0405,     2
   65.000000,   141.000000,         0.0655,         0.0165,         3.9584,         1.0000,         0.0655,     2
   69.000000,   149.000000,         0.0425,         0.0255,         1.6638,         0.0000,         0.0000,     2
   71.000000,   157.000000,         0.0765,         0.0340,         2.2491,         1.0000,         0.0765,     2
