lat, lon, gdd5_anm_mean, gdd5_se_mean, gdd5_tstat,gdd5_sig, gdd5_sig_val,gdd5_npts
   67.000000,  -161.000000,       178.6570,        82.8944,         2.1552,         1.0000,       178.6570,     1
   67.000000,  -157.000000,       -39.6285,        43.4295,        -0.9125,         0.0000,         0.0000,     2
   69.000000,  -157.000000,       122.6710,        43.6523,         2.8102,         1.0000,       122.6710,     1
   67.000000,  -155.000000,        -7.7000,        24.1281,        -0.3191,         0.0000,         0.0000,     4
   63.000000,  -153.000000,      -209.2860,        59.7653,        -3.5018,        -1.0000,      -209.2860,     1
   67.000000,  -153.000000,       -50.2000,        15.9671,        -3.1440,        -1.0000,       -50.2000,     2
   63.000000,  -151.000000,        94.3430,        44.1130,         2.1387,         1.0000,        94.3430,     1
   65.000000,  -151.000000,        17.9860,        37.6834,         0.4773,         0.0000,         0.0000,     1
   67.000000,  -151.000000,      -136.7000,        54.1729,        -2.5234,        -1.0000,      -136.7000,     1
   67.000000,  -149.000000,        61.1140,        63.5011,         0.9624,         0.0000,         0.0000,     1
   67.000000,  -147.000000,       314.9570,        37.4619,         8.4074,         1.0000,       314.9570,     1
   69.000000,  -147.000000,       171.8000,        53.1652,         3.2314,         1.0000,       171.8000,     1
   63.000000,  -145.000000,         5.0075,        31.3530,         0.1597,         0.0000,         0.0000,     2
   65.000000,  -145.000000,       359.4860,        47.4984,         7.5684,         1.0000,       359.4860,     1
   69.000000,  -145.000000,       510.5290,        71.5929,         7.1310,         1.0000,       510.5290,     1
   67.000000,  -143.000000,        48.1285,        28.2319,         1.7048,         0.0000,         0.0000,     2
   65.000000,  -139.000000,       253.9710,        40.6304,         6.2508,         1.0000,       253.9710,     1
   69.000000,  -139.000000,       -50.7290,        68.1674,        -0.7442,         0.0000,         0.0000,     1
   67.000000,  -133.000000,       -43.8860,        70.3796,        -0.6236,         0.0000,         0.0000,     1
   53.000000,  -131.000000,         0.0000,        48.3632,         0.0000,         0.0000,         0.0000,     1
   63.000000,  -129.000000,       346.2290,        96.3704,         3.5927,         1.0000,       346.2290,     1
   51.000000,  -127.000000,      -440.2290,        57.3376,        -7.6778,        -1.0000,      -440.2290,     1
   65.000000,  -127.000000,       -93.2720,        56.6327,        -1.6470,         0.0000,         0.0000,     1
   43.000000,  -123.000000,       243.1000,        44.8266,         5.4231,         1.0000,       243.1000,     1
   45.000000,  -123.000000,       -62.2360,        65.4777,        -0.9505,         0.0000,         0.0000,     2
   47.000000,  -123.000000,      -792.3570,       106.8135,        -7.4181,        -1.0000,      -792.3570,     1
   49.000000,  -123.000000,      -171.0210,        82.9885,        -2.0608,        -1.0000,      -171.0210,     2
   59.000000,  -123.000000,      -284.4000,        85.6464,        -3.3206,        -1.0000,      -284.4000,     1
   63.000000,  -123.000000,      -425.5710,        74.0013,        -5.7509,        -1.0000,      -425.5710,     1
   45.000000,  -121.000000,       501.7570,       128.5752,         3.9024,         1.0000,       501.7570,     1
   51.000000,  -121.000000,       340.6857,        66.4714,         5.1253,         1.0000,       340.6857,     3
   57.000000,  -121.000000,       -22.4925,        46.6424,        -0.4822,         0.0000,         0.0000,     2
   37.000000,  -119.000000,        45.0122,        85.5532,         0.5261,         0.0000,         0.0000,     6
   49.000000,  -119.000000,      -267.1860,       176.7464,        -1.5117,         0.0000,         0.0000,     1
   55.000000,  -119.000000,      -122.1570,        44.8806,        -2.7218,        -1.0000,      -122.1570,     1
   57.000000,  -119.000000,         2.4150,        32.4993,         0.0743,         0.0000,         0.0000,     1
   33.000000,  -117.000000,     -2717.0859,       546.6614,        -4.9703,        -1.0000,     -2717.0859,     1
   51.000000,  -117.000000,       196.0287,        69.1058,         2.8366,         1.0000,       196.0287,     4
   53.000000,  -117.000000,      -163.8140,       114.0357,        -1.4365,         0.0000,         0.0000,     1
   39.000000,  -115.000000,        -4.5000,       183.7361,        -0.0245,         0.0000,         0.0000,     2
   41.000000,  -115.000000,       -61.5000,       183.7361,        -0.3347,         0.0000,         0.0000,     2
   51.000000,  -115.000000,      -288.8430,        97.1928,        -2.9719,        -1.0000,      -288.8430,     1
   53.000000,  -115.000000,      -354.6140,       207.5233,        -1.7088,         0.0000,         0.0000,     1
   59.000000,  -115.000000,      -135.0000,        83.7841,        -1.6113,         0.0000,         0.0000,     1
   31.000000,  -113.000000,      -833.5000,       183.7361,        -4.5364,        -1.0000,      -833.5000,     2
   37.000000,  -113.000000,      -498.1290,       109.6456,        -4.5431,        -1.0000,      -498.1290,     1
   45.000000,  -113.000000,       179.7500,       183.7361,         0.9783,         0.0000,         0.0000,     2
   47.000000,  -113.000000,        27.5710,       112.9006,         0.2442,         0.0000,         0.0000,     1
   55.000000,  -113.000000,      -105.4215,        66.2580,        -1.5911,         0.0000,         0.0000,     2
   57.000000,  -113.000000,       -19.9720,        65.0311,        -0.3071,         0.0000,         0.0000,     1
   35.000000,  -111.000000,      1210.1140,       370.9279,         3.2624,         1.0000,      1210.1140,     1
   37.000000,  -111.000000,        57.6530,        94.2130,         0.6119,         0.0000,         0.0000,     7
   39.000000,  -111.000000,        29.9720,        92.6901,         0.3234,         0.0000,         0.0000,     1
   43.000000,  -111.000000,       -11.6380,        64.0418,        -0.1817,         0.0000,         0.0000,     3
   45.000000,  -111.000000,        24.3523,        46.2124,         0.5270,         0.0000,         0.0000,     6
   47.000000,  -111.000000,       -90.0290,        88.6871,        -1.0151,         0.0000,         0.0000,     1
   63.000000,  -111.000000,       211.6860,        64.4482,         3.2846,         1.0000,       211.6860,     1
   65.000000,  -111.000000,      -256.0860,        58.2505,        -4.3963,        -1.0000,      -256.0860,     2
   37.000000,  -109.000000,      -759.2950,       126.7994,        -5.9882,        -1.0000,      -759.2950,     3
   37.000000,  -107.000000,       -30.9430,        70.0933,        -0.4415,         0.0000,         0.0000,     2
   41.000000,  -107.000000,      -159.9430,        97.9775,        -1.6324,         0.0000,         0.0000,     1
   45.000000,  -107.000000,        61.3850,       150.7322,         0.4072,         0.0000,         0.0000,     1
   51.000000,  -107.000000,       -10.8570,        57.1040,        -0.1901,         0.0000,         0.0000,     1
   37.000000,  -105.000000,       -12.6570,        69.6014,        -0.1818,         0.0000,         0.0000,     1
   39.000000,  -105.000000,       245.0860,       133.2956,         1.8387,         0.0000,         0.0000,     1
   41.000000,  -105.000000,        49.2430,       168.0887,         0.2930,         0.0000,         0.0000,     1
   55.000000,  -105.000000,         7.8860,        13.3501,         0.5907,         0.0000,         0.0000,     1
   41.000000,  -103.000000,      -515.8570,       410.9884,        -1.2552,         0.0000,         0.0000,     1
   49.000000,  -101.000000,       -95.9000,        54.3339,        -1.7650,         0.0000,         0.0000,     1
   57.000000,  -101.000000,      -354.2140,        84.4055,        -4.1966,        -1.0000,      -354.2140,     1
   61.000000,  -101.000000,       294.0710,        63.6212,         4.6222,         1.0000,       294.0710,     1
   63.000000,  -101.000000,       111.8710,       127.8586,         0.8750,         0.0000,         0.0000,     1
   39.000000,   -99.000000,      -520.5430,       241.3228,        -2.1570,        -1.0000,      -520.5430,     1
   47.000000,   -99.000000,      -256.2935,        36.8166,        -6.9614,        -1.0000,      -256.2935,     2
   49.000000,   -99.000000,      -209.0860,        29.6753,        -7.0458,        -1.0000,      -209.0860,     2
   51.000000,   -99.000000,       289.2710,        25.5462,        11.3234,         1.0000,       289.2710,     1
   53.000000,   -99.000000,        -9.4570,         8.0317,        -1.1775,         0.0000,         0.0000,     1
   45.000000,   -97.000000,      -136.0360,        36.3362,        -3.7438,        -1.0000,      -136.0360,     2
   47.000000,   -97.000000,      -125.2215,        34.2978,        -3.6510,        -1.0000,      -125.2215,     2
   43.000000,   -95.000000,      -299.3570,        68.9003,        -4.3448,        -1.0000,      -299.3570,     1
   47.000000,   -95.000000,       124.1226,        18.2926,         6.7854,         1.0000,       124.1226,    12
   51.000000,   -95.000000,       -19.1710,        35.5442,        -0.5394,         0.0000,         0.0000,     1
   73.000000,   -95.000000,         0.0355,         0.0331,         1.0741,         0.0000,         0.0000,     2
   43.000000,   -93.000000,        88.1344,       109.1190,         0.8077,         0.0000,         0.0000,     5
   45.000000,   -93.000000,       -36.1701,        19.3234,        -1.8718,         0.0000,         0.0000,    11
   47.000000,   -93.000000,       131.0390,        22.7655,         5.7560,         1.0000,       131.0390,     7
   49.000000,   -93.000000,       168.3500,        55.5135,         3.0326,         1.0000,       168.3500,     2
   37.000000,   -91.000000,        30.2140,       287.7629,         0.1050,         0.0000,         0.0000,     1
   43.000000,   -91.000000,      -395.2430,       100.6799,        -3.9257,        -1.0000,      -395.2430,     1
   45.000000,   -91.000000,       123.8380,        15.5200,         7.9793,         1.0000,       123.8380,     3
   49.000000,   -91.000000,       212.0190,        34.4433,         6.1556,         1.0000,       212.0190,     3
   51.000000,   -91.000000,      -381.3290,       122.2643,        -3.1189,        -1.0000,      -381.3290,     1
   37.000000,   -89.000000,       962.8290,       370.6422,         2.5977,         1.0000,       962.8290,     1
   41.000000,   -89.000000,      -109.8000,       147.4035,        -0.7449,         0.0000,         0.0000,     1
   43.000000,   -89.000000,        43.7779,        16.7611,         2.6119,         1.0000,        43.7779,     7
   47.000000,   -89.000000,       219.7000,        34.9266,         6.2903,         1.0000,       219.7000,     2
   49.000000,   -89.000000,       171.1953,        36.7596,         4.6572,         1.0000,       171.1953,     3
   31.000000,   -87.000000,       465.5860,       259.2912,         1.7956,         0.0000,         0.0000,     1
   41.000000,   -87.000000,         5.0473,        56.0984,         0.0900,         0.0000,         0.0000,     3
   45.000000,   -87.000000,        81.6523,        22.7360,         3.5913,         1.0000,        81.6523,     3
   47.000000,   -87.000000,       223.2645,        38.1344,         5.8547,         1.0000,       223.2645,     2
   31.000000,   -85.000000,      -358.6850,       295.1649,        -1.2152,         0.0000,         0.0000,     1
   37.000000,   -85.000000,      -222.8290,       187.2009,        -1.1903,         0.0000,         0.0000,     1
   41.000000,   -85.000000,       -95.1430,        28.7319,        -3.3114,        -1.0000,       -95.1430,     2
   43.000000,   -85.000000,       119.4785,        37.6894,         3.1701,         1.0000,       119.4785,     2
   45.000000,   -85.000000,       -18.4383,        19.6480,        -0.9384,         0.0000,         0.0000,     3
   47.000000,   -85.000000,       124.4602,        18.9120,         6.5810,         1.0000,       124.4602,     5
   49.000000,   -85.000000,        70.1000,        60.9366,         1.1504,         0.0000,         0.0000,     1
   53.000000,   -85.000000,       -17.8420,       101.1807,        -0.1763,         0.0000,         0.0000,     1
   55.000000,   -85.000000,      -115.9430,       107.9746,        -1.0738,         0.0000,         0.0000,     1
   31.000000,   -83.000000,      -595.9186,       131.7396,        -4.5235,        -1.0000,      -595.9186,     3
   41.000000,   -83.000000,        47.5713,        24.7264,         1.9239,         0.0000,         0.0000,     3
   43.000000,   -83.000000,       213.6570,        68.3692,         3.1250,         1.0000,       213.6570,     1
   27.000000,   -81.000000,      -407.5240,       116.6926,        -3.4923,        -1.0000,      -407.5240,     3
   29.000000,   -81.000000,       926.3000,        15.6594,        59.1530,         1.0000,       926.3000,     1
   41.000000,   -81.000000,      -100.6215,        48.9289,        -2.0565,        -1.0000,      -100.6215,     2
   43.000000,   -81.000000,        49.0193,        41.5136,         1.1808,         0.0000,         0.0000,     3
   45.000000,   -81.000000,        81.2820,        30.0446,         2.7054,         1.0000,        81.2820,     4
   47.000000,   -81.000000,       193.5770,        29.6665,         6.5251,         1.0000,       193.5770,     5
   49.000000,   -81.000000,       250.7070,        32.9020,         7.6198,         1.0000,       250.7070,     2
   33.000000,   -79.000000,       224.9710,       315.2473,         0.7136,         0.0000,         0.0000,     1
   39.000000,   -79.000000,      -190.6860,       173.6656,        -1.0980,         0.0000,         0.0000,     1
   43.000000,   -79.000000,       -50.3000,        33.6629,        -1.4942,         0.0000,         0.0000,     4
   45.000000,   -79.000000,       -10.3857,        14.8112,        -0.7012,         0.0000,         0.0000,     7
   47.000000,   -79.000000,       104.0928,        30.6115,         3.4005,         1.0000,       104.0928,     4
   49.000000,   -79.000000,       259.2855,        36.7260,         7.0600,         1.0000,       259.2855,     2
   37.000000,   -77.000000,     -1055.5850,       264.3623,        -3.9929,        -1.0000,     -1055.5850,     1
   41.000000,   -77.000000,       -79.4570,        70.0701,        -1.1340,         0.0000,         0.0000,     1
   43.000000,   -77.000000,        -1.9850,        74.5289,        -0.0266,         0.0000,         0.0000,     1
   45.000000,   -77.000000,       -10.3231,        16.9210,        -0.6101,         0.0000,         0.0000,     8
   53.000000,   -77.000000,       -55.6570,        78.7134,        -0.7071,         0.0000,         0.0000,     1
   55.000000,   -77.000000,       -76.6577,        15.8503,        -4.8363,        -1.0000,       -76.6577,     3
   57.000000,   -77.000000,        -7.6430,         9.5863,        -0.7973,         0.0000,         0.0000,     1
   41.000000,   -75.000000,       164.0215,        23.6793,         6.9268,         1.0000,       164.0215,     6
   43.000000,   -75.000000,       186.8575,        31.1704,         5.9947,         1.0000,       186.8575,     2
   45.000000,   -75.000000,       211.7895,        24.1919,         8.7546,         1.0000,       211.7895,     4
   47.000000,   -75.000000,       206.8355,        25.2869,         8.1796,         1.0000,       206.8355,     2
   49.000000,   -75.000000,       -71.9710,       106.0364,        -0.6787,         0.0000,         0.0000,     1
   57.000000,   -75.000000,       -14.8570,        20.6495,        -0.7195,         0.0000,         0.0000,     3
   59.000000,   -75.000000,        52.5215,      2499.7566,         0.0210,         0.0000,         0.0000,     4
   41.000000,   -73.000000,        93.4710,        49.1123,         1.9032,         0.0000,         0.0000,     2
   43.000000,   -73.000000,       101.3965,        44.4862,         2.2793,         1.0000,       101.3965,     4
   45.000000,   -73.000000,        63.7348,        16.2754,         3.9160,         1.0000,        63.7348,     9
   47.000000,   -73.000000,       205.6314,        18.1869,        11.3066,         1.0000,       205.6314,     5
   49.000000,   -73.000000,       182.1290,        44.8353,         4.0622,         1.0000,       182.1290,     1
   59.000000,   -73.000000,       155.5140,        25.1207,         6.1907,         1.0000,       155.5140,     1
   41.000000,   -71.000000,       -57.5428,        35.5618,        -1.6181,         0.0000,         0.0000,     4
   43.000000,   -71.000000,       -65.0000,        22.3022,        -2.9145,        -1.0000,       -65.0000,     1
   45.000000,   -71.000000,       193.6001,        21.7002,         8.9216,         1.0000,       193.6001,     8
   47.000000,   -71.000000,       255.0871,        18.5753,        13.7326,         1.0000,       255.0871,    10
   49.000000,   -71.000000,       145.4860,        47.7588,         3.0463,         1.0000,       145.4860,     1
   55.000000,   -71.000000,        34.9140,        36.9468,         0.9450,         0.0000,         0.0000,     1
   41.000000,   -69.000000,        47.0000,        75.3461,         0.6238,         0.0000,         0.0000,     1
   43.000000,   -69.000000,      -117.8075,        24.3451,        -4.8391,        -1.0000,      -117.8075,     2
   45.000000,   -69.000000,       -23.4237,        34.1053,        -0.6868,         0.0000,         0.0000,     3
   47.000000,   -69.000000,       189.8965,        30.1709,         6.2940,         1.0000,       189.8965,     4
   55.000000,   -69.000000,       137.1570,        46.4961,         2.9499,         1.0000,       137.1570,     2
   61.000000,   -69.000000,       128.0070,        30.7028,         4.1692,         1.0000,       128.0070,     2
   71.000000,   -69.000000,        95.5430,        33.3554,         2.8644,         1.0000,        95.5430,     1
   45.000000,   -67.000000,       115.4500,        32.0092,         3.6068,         1.0000,       115.4500,     2
   49.000000,   -67.000000,       162.2430,        67.2879,         2.4112,         1.0000,       162.2430,     1
   51.000000,   -67.000000,       304.5425,        70.0799,         4.3456,         1.0000,       304.5425,     2
   53.000000,   -67.000000,       361.2570,       125.5451,         2.8775,         1.0000,       361.2570,     1
   55.000000,   -67.000000,        19.0527,        47.5120,         0.4010,         0.0000,         0.0000,     3
   67.000000,   -67.000000,       109.3000,        48.8455,         2.2377,         1.0000,       109.3000,     1
   45.000000,   -65.000000,       870.1570,        35.3741,        24.5987,         1.0000,       870.1570,     1
   47.000000,   -65.000000,       329.3000,        53.2941,         6.1789,         1.0000,       329.3000,     1
   49.000000,   -65.000000,        92.2393,        29.5148,         3.1252,         1.0000,        92.2393,     4
   57.000000,   -65.000000,        65.2380,        15.7977,         4.1296,         1.0000,        65.2380,     3
   45.000000,   -63.000000,       136.2860,        37.8713,         3.5987,         1.0000,       136.2860,     1
   47.000000,   -63.000000,       243.3430,        27.7601,         8.7659,         1.0000,       243.3430,     2
   53.000000,   -63.000000,      -282.5860,         7.0989,       -39.8070,        -1.0000,      -282.5860,     1
   55.000000,   -63.000000,       135.4190,        54.7584,         2.4730,         1.0000,       135.4190,     3
   57.000000,   -63.000000,        95.8930,        20.8741,         4.5939,         1.0000,        95.8930,     2
   59.000000,   -63.000000,       208.5420,        32.1557,         6.4854,         1.0000,       208.5420,     1
   47.000000,   -61.000000,       221.7850,        54.4851,         4.0706,         1.0000,       221.7850,     1
   53.000000,   -61.000000,      -277.5290,        54.7183,        -5.0720,        -1.0000,      -277.5290,     1
   55.000000,   -61.000000,        19.7710,        25.8448,         0.7650,         0.0000,         0.0000,     1
   57.000000,   -61.000000,        51.7430,        28.5991,         1.8093,         0.0000,         0.0000,     1
   49.000000,   -59.000000,       407.7215,        61.1437,         6.6683,         1.0000,       407.7215,     2
   53.000000,   -59.000000,       199.2763,        23.9459,         8.3219,         1.0000,       199.2763,     3
   49.000000,   -57.000000,       402.0860,       149.8663,         2.6830,         1.0000,       402.0860,     1
   51.000000,   -57.000000,       189.5430,        52.8598,         3.5858,         1.0000,       189.5430,     1
   53.000000,   -57.000000,       -71.1145,        40.3814,        -1.7611,         0.0000,         0.0000,     2
   49.000000,   -55.000000,        58.1000,        42.5447,         1.3656,         0.0000,         0.0000,     2
   47.000000,   -53.000000,        27.1670,        42.3924,         0.6408,         0.0000,         0.0000,     3
   59.000000,   -45.000000,       -49.3665,       129.9214,        -0.3800,         0.0000,         0.0000,     2
   61.000000,   -45.000000,       584.4000,       104.0561,         5.6162,         1.0000,       584.4000,     1
   65.000000,   -37.000000,      -278.2000,         0.7398,      -376.0476,        -1.0000,      -278.2000,     1
   71.000000,   -27.000000,        10.7000,        10.4082,         1.0280,         0.0000,         0.0000,     1
   71.000000,   -25.000000,        63.5910,       129.9630,         0.4893,         0.0000,         0.0000,     2
   71.000000,   -23.000000,        53.4415,       130.1187,         0.4107,         0.0000,         0.0000,     2
   65.000000,   -21.000000,        21.8858,       104.2257,         0.2100,         0.0000,         0.0000,     4
   65.000000,   -19.000000,      -322.8440,       129.9634,        -2.4841,        -1.0000,      -322.8440,     2
   15.000000,   -17.000000,       -60.3000,       514.2347,        -0.1173,         0.0000,         0.0000,     1
   21.000000,   -17.000000,     -1636.7000,         0.0000,         0.0000,         0.0000,         0.0000,     1
   29.000000,   -11.000000,       692.8000,       518.1633,         1.3370,         0.0000,         0.0000,     1
   53.000000,   -11.000000,        17.6720,       259.8421,         0.0680,         0.0000,         0.0000,     1
   53.000000,    -9.000000,       253.7415,       150.9362,         1.6811,         0.0000,         0.0000,     4
   43.000000,    -7.000000,       102.1995,       121.3588,         0.8421,         0.0000,         0.0000,     6
   53.000000,    -7.000000,       340.0869,       119.0435,         2.8568,         1.0000,       340.0869,     7
   55.000000,    -7.000000,       545.5743,       147.2756,         3.7044,         1.0000,       545.5743,     6
   59.000000,    -7.000000,       -91.8835,       149.0551,        -0.6164,         0.0000,         0.0000,     2
   63.000000,    -7.000000,       192.9106,        96.9613,         1.9896,         0.0000,         0.0000,     5
   43.000000,    -5.000000,       828.9140,       168.5202,         4.9188,         1.0000,       828.9140,     3
   45.000000,    -5.000000,      -638.6265,       244.9259,        -2.6074,        -1.0000,      -638.6265,     2
   51.000000,    -5.000000,       340.6250,       179.4789,         1.8979,         0.0000,         0.0000,     3
   53.000000,    -5.000000,       630.3640,       217.2083,         2.9021,         1.0000,       630.3640,     2
   55.000000,    -5.000000,       686.6958,       134.0261,         5.1236,         1.0000,       686.6958,     4
   57.000000,    -5.000000,       630.3777,       160.6033,         3.9251,         1.0000,       630.3777,     4
   59.000000,    -5.000000,       581.4780,       185.3229,         3.1376,         1.0000,       581.4780,     2
   23.000000,    -3.000000,      -499.0000,       209.2857,        -2.3843,        -1.0000,      -499.0000,     1
   31.000000,    -3.000000,       879.0000,       679.1326,         1.2943,         0.0000,         0.0000,     1
   37.000000,    -3.000000,     -1463.5890,       155.5782,        -9.4074,        -1.0000,     -1463.5890,     2
   43.000000,    -3.000000,       308.0690,       152.9961,         2.0136,         1.0000,       308.0690,     4
   47.000000,    -3.000000,       -45.1185,       259.4076,        -0.1739,         0.0000,         0.0000,     2
   49.000000,    -3.000000,       291.4395,       307.2051,         0.9487,         0.0000,         0.0000,     2
   51.000000,    -3.000000,       436.9052,       136.0397,         3.2116,         1.0000,       436.9052,     4
   53.000000,    -3.000000,       603.7977,       137.5873,         4.3885,         1.0000,       603.7977,     6
   55.000000,    -3.000000,       665.5834,       120.1293,         5.5406,         1.0000,       665.5834,     8
   57.000000,    -3.000000,       618.2350,       160.9101,         3.8421,         1.0000,       618.2350,     4
   59.000000,    -3.000000,       575.1672,       157.3017,         3.6565,         1.0000,       575.1672,     4
    7.000000,    -1.000000,       -95.1000,       843.3419,        -0.1128,         0.0000,         0.0000,     1
   39.000000,    -1.000000,     -1200.7695,       263.4476,        -4.5579,        -1.0000,     -1200.7695,     2
   43.000000,    -1.000000,      -329.9156,       148.3361,        -2.2241,        -1.0000,      -329.9156,     5
   47.000000,    -1.000000,        58.0443,       115.8636,         0.5010,         0.0000,         0.0000,     6
   49.000000,    -1.000000,        23.6825,       207.0277,         0.1144,         0.0000,         0.0000,     2
   53.000000,    -1.000000,       485.2365,       176.9501,         2.7422,         1.0000,       485.2365,     4
   55.000000,    -1.000000,       639.0340,       201.1656,         3.1767,         1.0000,       639.0340,     2
   61.000000,    -1.000000,      -306.5745,       140.8358,        -2.1768,        -1.0000,      -306.5745,     2
   41.000000,     1.000000,     -1242.3101,       289.9919,        -4.2839,        -1.0000,     -1242.3101,     2
   43.000000,     1.000000,       421.2860,       160.7669,         2.6205,         1.0000,       421.2860,     4
   45.000000,     1.000000,      -294.3840,       249.8210,        -1.1784,         0.0000,         0.0000,     2
   49.000000,     1.000000,        73.3627,       180.2374,         0.4070,         0.0000,         0.0000,     4
   51.000000,     1.000000,       265.9268,       152.0392,         1.7491,         0.0000,         0.0000,     6
   53.000000,     1.000000,       554.1975,       195.0330,         2.8416,         1.0000,       554.1975,     2
   43.000000,     3.000000,       583.1490,       155.5038,         3.7501,         1.0000,       583.1490,     4
   45.000000,     3.000000,       910.9401,       120.2838,         7.5733,         1.0000,       910.9401,     7
   49.000000,     3.000000,       347.0593,       203.5821,         1.7048,         0.0000,         0.0000,     3
   37.000000,     5.000000,      1815.7000,       570.6888,         3.1816,         1.0000,      1815.7000,     1
   43.000000,     5.000000,      -703.1988,       191.0481,        -3.6807,        -1.0000,      -703.1988,     4
   45.000000,     5.000000,       343.9107,       119.1526,         2.8863,         1.0000,       343.9107,     9
   47.000000,     5.000000,      1177.1500,       240.2605,         4.8995,         1.0000,      1177.1500,     2
   49.000000,     5.000000,       300.4727,       173.2243,         1.7346,         0.0000,         0.0000,     4
   51.000000,     5.000000,       252.8394,       125.7605,         2.0105,         1.0000,       252.8394,     8
   53.000000,     5.000000,       246.2502,       176.0980,         1.3984,         0.0000,         0.0000,     4
   59.000000,     5.000000,       823.3400,       163.5769,         5.0334,         1.0000,       823.3400,     2
   61.000000,     5.000000,       780.6032,       150.8913,         5.1733,         1.0000,       780.6032,     4
   45.000000,     7.000000,       439.8917,        73.9707,         5.9468,         1.0000,       439.8917,    14
   47.000000,     7.000000,       611.9233,        93.8644,         6.5192,         1.0000,       611.9233,    10
   49.000000,     7.000000,       831.0505,       238.0665,         3.4908,         1.0000,       831.0505,     2
   51.000000,     7.000000,       796.8000,       441.0969,         1.8064,         0.0000,         0.0000,     1
   53.000000,     7.000000,       278.6823,       199.7562,         1.3951,         0.0000,         0.0000,     4
   59.000000,     7.000000,       341.0180,       259.8421,         1.3124,         0.0000,         0.0000,     1
   63.000000,     7.000000,       295.9030,       132.7418,         2.2292,         1.0000,       295.9030,     2
    5.000000,     9.000000,        99.9000,       796.7092,         0.1254,         0.0000,         0.0000,     1
   43.000000,     9.000000,       282.5660,       258.7014,         1.0922,         0.0000,         0.0000,     2
   45.000000,     9.000000,      -149.3865,       173.0605,        -0.8632,         0.0000,         0.0000,     4
   47.000000,     9.000000,       740.0684,        81.7166,         9.0565,         1.0000,       740.0684,    15
   49.000000,     9.000000,       482.5515,       207.0774,         2.3303,         1.0000,       482.5515,     2
   51.000000,     9.000000,      -199.8000,        32.7041,        -6.1093,        -1.0000,      -199.8000,     1
   53.000000,     9.000000,       273.4217,       180.9257,         1.5112,         0.0000,         0.0000,     4
   55.000000,     9.000000,       551.0285,       170.4391,         3.2330,         1.0000,       551.0285,     4
   57.000000,     9.000000,       332.5560,       174.9810,         1.9005,         0.0000,         0.0000,     3
   59.000000,     9.000000,       642.0180,       228.9424,         2.8043,         1.0000,       642.0180,     2
   61.000000,     9.000000,       736.9708,       102.7351,         7.1735,         1.0000,       736.9708,     4
   63.000000,     9.000000,       465.5200,       259.8421,         1.7915,         0.0000,         0.0000,     1
   -5.000000,    11.000000,     -1689.9000,         0.0000,         0.0000,         0.0000,         0.0000,     1
    3.000000,    11.000000,      -216.3000,       742.1174,        -0.2915,         0.0000,         0.0000,     1
   13.000000,    11.000000,       -25.1333,       326.6450,        -0.0769,         0.0000,         0.0000,     3
   25.000000,    11.000000,      1953.8500,       300.5253,         6.5014,         1.0000,      1953.8500,     2
   45.000000,    11.000000,       207.0035,       232.7378,         0.8894,         0.0000,         0.0000,     2
   47.000000,    11.000000,       442.8635,       136.5851,         3.2424,         1.0000,       442.8635,     2
   49.000000,    11.000000,       429.0240,       238.5156,         1.7987,         0.0000,         0.0000,     2
   51.000000,    11.000000,       415.6220,       135.6752,         3.0634,         1.0000,       415.6220,     6
   53.000000,    11.000000,       380.9040,       152.0028,         2.5059,         1.0000,       380.9040,     6
   55.000000,    11.000000,       482.9187,       157.5504,         3.0652,         1.0000,       482.9187,     4
   59.000000,    11.000000,       603.9078,       110.8601,         5.4475,         1.0000,       603.9078,     6
   63.000000,    11.000000,       512.9797,       125.3671,         4.0918,         1.0000,       512.9797,     3
   65.000000,    11.000000,       408.6060,       123.6763,         3.3038,         1.0000,       408.6060,     3
   -5.000000,    13.000000,     -1099.8000,       551.6326,        -1.9937,         0.0000,         0.0000,     1
   13.000000,    13.000000,       766.0000,       659.1581,         1.1621,         0.0000,         0.0000,     1
   19.000000,    13.000000,       776.7000,       212.7226,         3.6512,         1.0000,       776.7000,     3
   43.000000,    13.000000,       -76.6426,       194.5479,        -0.3940,         0.0000,         0.0000,     5
   45.000000,    13.000000,      -192.5085,       243.1012,        -0.7919,         0.0000,         0.0000,     2
   47.000000,    13.000000,       345.9887,       100.2266,         3.4521,         1.0000,       345.9887,     7
   49.000000,    13.000000,       143.3865,       178.6533,         0.8026,         0.0000,         0.0000,     2
   55.000000,    13.000000,       468.0404,       122.3259,         3.8262,         1.0000,       468.0404,     5
   57.000000,    13.000000,       815.1434,       164.4191,         4.9577,         1.0000,       815.1434,     3
   59.000000,    13.000000,       757.5344,       143.3383,         5.2849,         1.0000,       757.5344,     5
   61.000000,    13.000000,       759.5835,       213.2931,         3.5612,         1.0000,       759.5835,     2
   63.000000,    13.000000,       238.0505,        96.3303,         2.4712,         1.0000,       238.0505,     4
   69.000000,    13.000000,       176.6030,       143.2835,         1.2325,         0.0000,         0.0000,     2
   -5.000000,    15.000000,      -479.7000,       818.1122,        -0.5863,         0.0000,         0.0000,     1
   -3.000000,    15.000000,       -16.2000,       730.2551,        -0.0222,         0.0000,         0.0000,     1
   41.000000,    15.000000,      -838.1000,       443.7500,        -1.8887,         0.0000,         0.0000,     1
   45.000000,    15.000000,       178.8965,       227.4743,         0.7864,         0.0000,         0.0000,     2
   47.000000,    15.000000,       411.2000,       185.8163,         2.2129,         1.0000,       411.2000,     1
   49.000000,    15.000000,       278.4362,        89.2425,         3.1200,         1.0000,       278.4362,     7
   55.000000,    15.000000,      -139.2187,       157.1523,        -0.8859,         0.0000,         0.0000,     3
   57.000000,    15.000000,       433.5190,        94.9681,         4.5649,         1.0000,       433.5190,    10
   59.000000,    15.000000,       618.9786,       121.2578,         5.1047,         1.0000,       618.9786,     4
   63.000000,    15.000000,       278.0196,        64.4433,         4.3142,         1.0000,       278.0196,    10
   65.000000,    15.000000,       410.5730,       149.0739,         2.7542,         1.0000,       410.5730,     2
   79.000000,    15.000000,      -114.5700,       259.8421,        -0.4409,         0.0000,         0.0000,     1
  -23.000000,    17.000000,      -468.9000,       464.0561,        -1.0104,         0.0000,         0.0000,     1
   21.000000,    17.000000,     -2219.2000,       447.9082,        -4.9546,        -1.0000,     -2219.2000,     1
   23.000000,    17.000000,      1530.7000,       444.1327,         3.4465,         1.0000,      1530.7000,     1
   43.000000,    17.000000,      -253.7867,       202.3037,        -1.2545,         0.0000,         0.0000,     4
   47.000000,    17.000000,      -390.1980,       201.9750,        -1.9319,         0.0000,         0.0000,     2
   49.000000,    17.000000,      -116.5145,       164.5427,        -0.7081,         0.0000,         0.0000,     2
   53.000000,    17.000000,       251.4779,       108.3930,         2.3201,         1.0000,       251.4779,     7
   55.000000,    17.000000,       336.7140,       167.1955,         2.0139,         1.0000,       336.7140,     4
   57.000000,    17.000000,       331.0235,       238.1627,         1.3899,         0.0000,         0.0000,     2
   59.000000,    17.000000,       671.6640,       181.4525,         3.7016,         1.0000,       671.6640,     2
   63.000000,    17.000000,       149.4170,       135.7880,         1.1004,         0.0000,         0.0000,     4
   69.000000,    17.000000,       -70.5873,       100.5608,        -0.7019,         0.0000,         0.0000,     3
  -35.000000,    19.000000,      2536.8000,       318.3929,         7.9675,         1.0000,      2536.8000,     1
  -33.000000,    19.000000,      2752.8000,       304.5408,         9.0392,         1.0000,      2752.8000,     1
   23.000000,    19.000000,      1261.6000,       219.6939,         5.7425,         1.0000,      1261.6000,     1
   47.000000,    19.000000,       162.4230,       264.3247,         0.6145,         0.0000,         0.0000,     2
   49.000000,    19.000000,       -74.9294,       111.6397,        -0.6712,         0.0000,         0.0000,     5
   51.000000,    19.000000,        91.6170,       152.8968,         0.5992,         0.0000,         0.0000,     4
   53.000000,    19.000000,        89.9515,       123.2869,         0.7296,         0.0000,         0.0000,     4
   55.000000,    19.000000,       149.3965,       156.5249,         0.9545,         0.0000,         0.0000,     2
   57.000000,    19.000000,       573.6725,       217.5253,         2.6373,         1.0000,       573.6725,     2
   63.000000,    19.000000,       210.1840,        95.1451,         2.2091,         1.0000,       210.1840,     4
   69.000000,    19.000000,       129.7730,       100.8727,         1.2865,         0.0000,         0.0000,     4
   75.000000,    19.000000,       460.2130,       259.8421,         1.7711,         0.0000,         0.0000,     1
   81.000000,    19.000000,       723.2960,       259.8421,         2.7836,         1.0000,       723.2960,     1
   39.000000,    21.000000,        87.3000,       247.5608,         0.3526,         0.0000,         0.0000,     3
   41.000000,    21.000000,      -546.2520,       213.9334,        -2.5534,        -1.0000,      -546.2520,     4
   45.000000,    21.000000,       153.4535,       150.9221,         1.0168,         0.0000,         0.0000,     2
   49.000000,    21.000000,       198.4553,       100.4335,         1.9760,         0.0000,         0.0000,     6
   51.000000,    21.000000,       102.1087,       174.2840,         0.5859,         0.0000,         0.0000,     3
   53.000000,    21.000000,       312.1872,       131.3168,         2.3774,         1.0000,       312.1872,     5
   57.000000,    21.000000,        89.7600,       164.0352,         0.5472,         0.0000,         0.0000,     2
   67.000000,    21.000000,       146.4375,       139.8096,         1.0474,         0.0000,         0.0000,     2
   69.000000,    21.000000,         6.7707,       150.0199,         0.0451,         0.0000,         0.0000,     3
  -33.000000,    23.000000,      2473.1001,       507.8061,         4.8702,         1.0000,      2473.1001,     1
   39.000000,    23.000000,     -1581.0303,       269.4560,        -5.8675,        -1.0000,     -1581.0303,     3
   43.000000,    23.000000,        16.3667,       131.0943,         0.1248,         0.0000,         0.0000,     3
   45.000000,    23.000000,       517.2105,       149.3939,         3.4621,         1.0000,       517.2105,     2
   47.000000,    23.000000,       210.9620,       151.7792,         1.3899,         0.0000,         0.0000,     2
   49.000000,    23.000000,       144.4816,       123.0707,         1.1740,         0.0000,         0.0000,     3
   51.000000,    23.000000,       180.1873,       105.9947,         1.7000,         0.0000,         0.0000,     6
   53.000000,    23.000000,       345.2270,       217.3719,         1.5882,         0.0000,         0.0000,     2
   55.000000,    23.000000,       353.1860,       232.8013,         1.5171,         0.0000,         0.0000,     2
   59.000000,    23.000000,       221.8300,        90.5248,         2.4505,         1.0000,       221.8300,     5
   61.000000,    23.000000,       489.4310,       149.0793,         3.2830,         1.0000,       489.4310,     3
   63.000000,    23.000000,       297.5458,       101.6530,         2.9271,         1.0000,       297.5458,     5
   69.000000,    23.000000,       109.0890,       129.0880,         0.8451,         0.0000,         0.0000,     3
  -31.000000,    25.000000,       146.9000,       371.1990,         0.3957,         0.0000,         0.0000,     1
   41.000000,    25.000000,      -744.1545,       267.2066,        -2.7849,        -1.0000,      -744.1545,     2
   43.000000,    25.000000,       279.3867,       161.3952,         1.7311,         0.0000,         0.0000,     3
   47.000000,    25.000000,       126.2625,       113.9463,         1.1081,         0.0000,         0.0000,     4
   49.000000,    25.000000,       226.5318,       106.6389,         2.1243,         1.0000,       226.5318,     5
   51.000000,    25.000000,       210.6321,        77.1798,         2.7291,         1.0000,       210.6321,    11
   53.000000,    25.000000,      -541.3000,        56.5306,        -9.5753,        -1.0000,      -541.3000,     1
   55.000000,    25.000000,       102.6785,       160.0426,         0.6416,         0.0000,         0.0000,     2
   59.000000,    25.000000,       323.6713,        47.9465,         6.7507,         1.0000,       323.6713,    18
   61.000000,    25.000000,       118.5756,        65.9477,         1.7980,         0.0000,         0.0000,    13
   67.000000,    25.000000,       -26.4409,        71.5955,        -0.3693,         0.0000,         0.0000,     8
  -11.000000,    27.000000,      1027.7000,       347.6531,         2.9561,         1.0000,      1027.7000,     1
   19.000000,    27.000000,       247.1500,       402.6843,         0.6138,         0.0000,         0.0000,     2
   43.000000,    27.000000,       229.6057,       150.0199,         1.5305,         0.0000,         0.0000,     3
   45.000000,    27.000000,       451.3393,       134.6500,         3.3519,         1.0000,       451.3393,     3
   51.000000,    27.000000,       457.0500,       187.6992,         2.4350,         1.0000,       457.0500,     2
   53.000000,    27.000000,      -143.2500,        81.7683,        -1.7519,         0.0000,         0.0000,     2
   55.000000,    27.000000,      -435.4000,        61.3776,        -7.0938,        -1.0000,      -435.4000,     1
   57.000000,    27.000000,       245.6149,        65.1969,         3.7673,         1.0000,       245.6149,     9
   59.000000,    27.000000,       222.9440,        49.5537,         4.4990,         1.0000,       222.9440,    17
   61.000000,    27.000000,        32.7402,        98.0115,         0.3340,         0.0000,         0.0000,     4
   63.000000,    27.000000,        93.9579,        67.2649,         1.3968,         0.0000,         0.0000,     9
   65.000000,    27.000000,      -102.9407,       129.4054,        -0.7955,         0.0000,         0.0000,     3
   69.000000,    27.000000,        32.7724,       100.6331,         0.3257,         0.0000,         0.0000,     5
  -29.000000,    29.000000,      1026.7000,       842.5510,         1.2186,         0.0000,         0.0000,     1
  -25.000000,    29.000000,      1136.5333,       439.0539,         2.5886,         1.0000,      1136.5333,     3
   -5.000000,    29.000000,      -784.7000,       265.5287,        -2.9552,        -1.0000,      -784.7000,     3
   -3.000000,    29.000000,      -407.0125,       158.4537,        -2.5687,        -1.0000,      -407.0125,     8
   -1.000000,    29.000000,      -443.1000,       446.9133,        -0.9915,         0.0000,         0.0000,     1
    1.000000,    29.000000,      1812.5000,       260.1451,         6.9673,         1.0000,      1812.5000,     2
   21.000000,    29.000000,       607.5000,       885.6888,         0.6859,         0.0000,         0.0000,     1
   37.000000,    29.000000,      -472.2470,       259.8421,        -1.8174,         0.0000,         0.0000,     1
   43.000000,    29.000000,        57.3030,       201.8961,         0.2838,         0.0000,         0.0000,     3
   49.000000,    29.000000,        63.6745,       190.3612,         0.3345,         0.0000,         0.0000,     2
   51.000000,    29.000000,       133.0000,       114.4230,         1.1624,         0.0000,         0.0000,     3
   53.000000,    29.000000,       595.8500,       139.5159,         4.2708,         1.0000,       595.8500,     2
   55.000000,    29.000000,       303.1000,       143.1639,         2.1172,         1.0000,       303.1000,     2
   57.000000,    29.000000,       138.0950,       107.4230,         1.2855,         0.0000,         0.0000,     3
   59.000000,    29.000000,      1001.8000,       186.4541,         5.3729,         1.0000,      1001.8000,     1
   61.000000,    29.000000,       106.4480,        80.5072,         1.3222,         0.0000,         0.0000,     6
   65.000000,    29.000000,      -205.5763,       125.9232,        -1.6326,         0.0000,         0.0000,     3
   67.000000,    29.000000,        56.9482,        98.5347,         0.5780,         0.0000,         0.0000,     4
   69.000000,    29.000000,       -19.6370,       132.0248,        -0.1487,         0.0000,         0.0000,     3
   71.000000,    29.000000,        12.3306,        96.8631,         0.1273,         0.0000,         0.0000,     5
  -23.000000,    31.000000,      1691.8000,       524.9490,         3.2228,         1.0000,      1691.8000,     1
   -9.000000,    31.000000,      -772.3000,       393.4184,        -1.9631,         0.0000,         0.0000,     1
   -3.000000,    31.000000,     -1407.7000,       395.2289,        -3.5617,        -1.0000,     -1407.7000,     2
   37.000000,    31.000000,      -930.7790,       259.8421,        -3.5821,        -1.0000,      -930.7790,     1
   49.000000,    31.000000,       205.8250,       168.3889,         1.2223,         0.0000,         0.0000,     3
   55.000000,    31.000000,       334.5122,       106.2559,         3.1482,         1.0000,       334.5122,     4
   57.000000,    31.000000,       317.7000,       138.8010,         2.2889,         1.0000,       317.7000,     1
   59.000000,    31.000000,       232.4854,        84.7229,         2.7441,         1.0000,       232.4854,     5
   61.000000,    31.000000,       135.1065,        58.8060,         2.2975,         1.0000,       135.1065,     9
   63.000000,    31.000000,       197.9740,       136.2238,         1.4533,         0.0000,         0.0000,     2
   65.000000,    31.000000,       198.7115,        72.2459,         2.7505,         1.0000,       198.7115,     6
   67.000000,    31.000000,       222.4667,        40.7196,         5.4634,         1.0000,       222.4667,     3
   71.000000,    31.000000,       -49.5777,       128.9120,        -0.3846,         0.0000,         0.0000,     3
  -29.000000,    33.000000,      1559.7000,       468.0612,         3.3323,         1.0000,      1559.7000,     1
    1.000000,    33.000000,       -87.7000,       250.1531,        -0.3506,         0.0000,         0.0000,     1
   47.000000,    33.000000,      -620.9000,       246.5561,        -2.5183,        -1.0000,      -620.9000,     1
   57.000000,    33.000000,       202.9000,       144.8980,         1.4003,         0.0000,         0.0000,     1
   61.000000,    33.000000,       104.9910,        55.0574,         1.9069,         0.0000,         0.0000,     7
   63.000000,    33.000000,       269.0333,        61.7630,         4.3559,         1.0000,       269.0333,     3
   65.000000,    33.000000,       224.3800,        57.8495,         3.8787,         1.0000,       224.3800,     5
    1.000000,    35.000000,      2050.5750,       217.2397,         9.4392,         1.0000,      2050.5750,     4
   51.000000,    35.000000,       459.9250,       120.5094,         3.8165,         1.0000,       459.9250,     4
   53.000000,    35.000000,       308.1573,       137.6684,         2.2384,         1.0000,       308.1573,     3
   57.000000,    35.000000,       161.7608,        72.6954,         2.2252,         1.0000,       161.7608,     6
   61.000000,    35.000000,       -53.5002,        76.3322,        -0.7009,         0.0000,         0.0000,     5
   63.000000,    35.000000,       120.5397,        51.4682,         2.3420,         1.0000,       120.5397,     6
   69.000000,    35.000000,        51.4000,        82.6123,         0.6222,         0.0000,         0.0000,     2
   -1.000000,    37.000000,      2390.3501,       259.2760,         9.2193,         1.0000,      2390.3501,     2
    1.000000,    37.000000,       881.1000,       280.3940,         3.1424,         1.0000,       881.1000,     2
   35.000000,    37.000000,        45.0260,       259.8421,         0.1733,         0.0000,         0.0000,     1
   49.000000,    37.000000,       418.8000,       252.9082,         1.6559,         0.0000,         0.0000,     1
   57.000000,    37.000000,       209.5302,        88.2499,         2.3743,         1.0000,       209.5302,     5
   61.000000,    37.000000,      -465.0000,       188.8775,        -2.4619,        -1.0000,      -465.0000,     1
   63.000000,    37.000000,       215.2500,        60.9257,         3.5330,         1.0000,       215.2500,     4
    7.000000,    39.000000,      2126.3999,       432.2104,         4.9198,         1.0000,      2126.3999,     2
   53.000000,    39.000000,      -539.5000,       200.8929,        -2.6855,        -1.0000,      -539.5000,     1
   57.000000,    39.000000,       124.2805,        54.3773,         2.2855,         1.0000,       124.2805,     9
   61.000000,    39.000000,       -17.4500,        31.1979,        -0.5593,         0.0000,         0.0000,     2
   43.000000,    41.000000,       372.3333,       114.3877,         3.2550,         1.0000,       372.3333,     6
   57.000000,    41.000000,       153.9773,        74.1015,         2.0779,         1.0000,       153.9773,     6
   63.000000,    43.000000,        13.2253,        96.3140,         0.1373,         0.0000,         0.0000,     3
   65.000000,    43.000000,       717.1000,       149.6684,         4.7913,         1.0000,       717.1000,     1
   41.000000,    45.000000,     -1636.7000,        62.3724,       -26.2408,        -1.0000,     -1636.7000,     1
  -19.000000,    47.000000,      1689.9332,       231.7958,         7.2906,         1.0000,      1689.9332,     3
   35.000000,    47.000000,      -714.9570,       196.5406,        -3.6377,        -1.0000,      -714.9570,     2
   41.000000,    47.000000,       694.9000,        46.1990,        15.0415,         1.0000,       694.9000,     1
   47.000000,    47.000000,      -730.8000,       197.5765,        -3.6988,        -1.0000,      -730.8000,     1
  -19.000000,    49.000000,       290.4000,       313.4439,         0.9265,         0.0000,         0.0000,     1
   55.000000,    49.000000,        72.7327,       114.4922,         0.6353,         0.0000,         0.0000,     3
   67.000000,    53.000000,       160.3360,       128.8869,         1.2440,         0.0000,         0.0000,     3
   57.000000,    57.000000,      -127.3300,        80.0236,        -1.5912,         0.0000,         0.0000,     4
   55.000000,    59.000000,      -220.1015,        73.0464,        -3.0132,        -1.0000,      -220.1015,     4
   47.000000,    61.000000,      -391.8593,       121.6273,        -3.2218,        -1.0000,      -391.8593,     3
   57.000000,    61.000000,        54.7125,        84.6743,         0.6462,         0.0000,         0.0000,     4
   55.000000,    63.000000,      -767.3000,       121.5816,        -6.3110,        -1.0000,      -767.3000,     1
   63.000000,    65.000000,      -162.4744,        89.8084,        -1.8091,         0.0000,         0.0000,     5
   65.000000,    65.000000,       297.6190,       103.7666,         2.8682,         1.0000,       297.6190,     3
   67.000000,    67.000000,       240.8000,       241.0204,         0.9991,         0.0000,         0.0000,     1
   69.000000,    67.000000,       -48.7000,        31.2500,        -1.5584,         0.0000,         0.0000,     1
   71.000000,    67.000000,       487.1000,        68.3163,         7.1301,         1.0000,       487.1000,     1
   59.000000,    69.000000,      -177.6990,        76.3081,        -2.3287,        -1.0000,      -177.6990,     6
   61.000000,    69.000000,       142.6000,       120.5867,         1.1826,         0.0000,         0.0000,     1
   67.000000,    69.000000,       -47.9303,        97.1674,        -0.4933,         0.0000,         0.0000,     3
   53.000000,    71.000000,      1075.4000,       395.2551,         2.7208,         1.0000,      1075.4000,     1
   67.000000,    71.000000,       336.5000,       195.4847,         1.7214,         0.0000,         0.0000,     1
   69.000000,    71.000000,       440.0500,       115.3260,         3.8157,         1.0000,       440.0500,     2
   61.000000,    73.000000,      -234.3923,       108.0144,        -2.1700,        -1.0000,      -234.3923,     3
   41.000000,    75.000000,      1334.5000,       121.7602,        10.9601,         1.0000,      1334.5000,     1
   49.000000,    75.000000,       253.3000,       204.4643,         1.2388,         0.0000,         0.0000,     1
   55.000000,    77.000000,       467.5000,        93.4184,         5.0044,         1.0000,       467.5000,     1
   59.000000,    77.000000,      -272.3000,       206.5306,        -1.3184,         0.0000,         0.0000,     1
   61.000000,    77.000000,      -369.4000,        68.0593,        -5.4276,        -1.0000,      -369.4000,     3
   57.000000,    79.000000,      -608.7000,       157.2194,        -3.8717,        -1.0000,      -608.7000,     1
   61.000000,    79.000000,      -411.1333,        73.6794,        -5.5800,        -1.0000,      -411.1333,     3
   65.000000,    79.000000,       114.2000,       240.4082,         0.4750,         0.0000,         0.0000,     1
   67.000000,    79.000000,       258.4000,       225.8163,         1.1443,         0.0000,         0.0000,     1
   51.000000,    81.000000,       129.5000,        56.9898,         2.2723,         1.0000,       129.5000,     1
   55.000000,    81.000000,      -574.6667,        79.2106,        -7.2549,        -1.0000,      -574.6667,     3
   55.000000,    83.000000,      -355.0000,        51.3265,        -6.9165,        -1.0000,      -355.0000,     1
   57.000000,    83.000000,      -582.3000,       166.0714,        -3.5063,        -1.0000,      -582.3000,     1
   59.000000,    83.000000,      -320.2000,       255.8673,        -1.2514,         0.0000,         0.0000,     1
   71.000000,    83.000000,        -2.3000,        45.6888,        -0.0503,         0.0000,         0.0000,     1
   57.000000,    85.000000,      -586.1500,       116.6887,        -5.0232,        -1.0000,      -586.1500,     2
   59.000000,    85.000000,      -358.9667,       100.9682,        -3.5552,        -1.0000,      -358.9667,     3
   69.000000,    85.000000,       517.2000,       194.2347,         2.6628,         1.0000,       517.2000,     1
   49.000000,    87.000000,      -425.5000,        42.7296,        -9.9580,        -1.0000,      -425.5000,     1
   61.000000,    87.000000,      -277.7667,        66.4103,        -4.1826,        -1.0000,      -277.7667,     3
   67.000000,    87.000000,       343.7000,       260.8929,         1.3174,         0.0000,         0.0000,     1
   69.000000,    87.000000,       370.9500,       134.5578,         2.7568,         1.0000,       370.9500,     2
   49.000000,    89.000000,       828.8333,        57.0843,        14.5195,         1.0000,       828.8333,     3
   57.000000,    89.000000,      -472.3000,       196.6837,        -2.4013,        -1.0000,      -472.3000,     1
   61.000000,    89.000000,      -227.6000,       205.4847,        -1.1076,         0.0000,         0.0000,     1
   49.000000,    91.000000,      1053.8000,        36.5091,        28.8641,         1.0000,      1053.8000,     2
   61.000000,    91.000000,      -269.1000,        81.7132,        -3.2932,        -1.0000,      -269.1000,     2
   59.000000,    93.000000,      -469.7000,       152.0408,        -3.0893,        -1.0000,      -469.7000,     1
   51.000000,    95.000000,       685.8000,       131.8112,         5.2029,         1.0000,       685.8000,     1
   49.000000,    99.000000,      1102.0500,        89.0468,        12.3761,         1.0000,      1102.0500,     4
   51.000000,    99.000000,       127.8000,       186.7602,         0.6843,         0.0000,         0.0000,     1
   71.000000,    99.000000,       612.6000,       202.1429,         3.0305,         1.0000,       612.6000,     1
   47.000000,   101.000000,      1045.5000,       173.2653,         6.0341,         1.0000,      1045.5000,     1
   51.000000,   101.000000,       206.4000,       239.0051,         0.8636,         0.0000,         0.0000,     1
   49.000000,   103.000000,       203.1000,       133.8897,         1.5169,         0.0000,         0.0000,     2
   61.000000,   103.000000,       -54.4000,       250.7908,        -0.2169,         0.0000,         0.0000,     1
   51.000000,   107.000000,      -470.0000,       148.8397,        -3.1578,        -1.0000,      -470.0000,     2
   53.000000,   109.000000,      -514.8000,        89.5643,        -5.7478,        -1.0000,      -514.8000,     2
   53.000000,   111.000000,       -95.1000,       251.6582,        -0.3779,         0.0000,         0.0000,     1
   55.000000,   111.000000,      -254.4000,       235.5357,        -1.0801,         0.0000,         0.0000,     1
   41.000000,   115.000000,      -600.0000,       183.7361,        -3.2656,        -1.0000,      -600.0000,     2
   63.000000,   121.000000,      -149.3000,       223.4184,        -0.6683,         0.0000,         0.0000,     1
   65.000000,   121.000000,      -175.5000,       149.6429,        -1.1728,         0.0000,         0.0000,     1
   63.000000,   123.000000,      -186.0000,       200.7398,        -0.9266,         0.0000,         0.0000,     1
   57.000000,   125.000000,       -11.7000,       178.1633,        -0.0657,         0.0000,         0.0000,     1
   61.000000,   129.000000,      -336.4000,        80.9395,        -4.1562,        -1.0000,      -336.4000,     2
   63.000000,   129.000000,      -181.7000,       219.4643,        -0.8279,         0.0000,         0.0000,     1
   59.000000,   131.000000,      -691.8000,        45.2296,       -15.2953,        -1.0000,      -691.8000,     1
   35.000000,   135.000000,     -3475.7000,       183.7361,       -18.9168,        -1.0000,     -3475.7000,     2
   71.000000,   137.000000,      -111.8000,        42.1684,        -2.6513,        -1.0000,      -111.8000,     1
   65.000000,   141.000000,      -323.6000,       128.2653,        -2.5229,        -1.0000,      -323.6000,     1
   69.000000,   149.000000,       387.7000,       217.9847,         1.7786,         0.0000,         0.0000,     1
   71.000000,   157.000000,      -154.9000,        23.3418,        -6.6362,        -1.0000,      -154.9000,     1
